bank,substring
ASIA COMMERCIAL BANK,ASCBVNVX
CREDIT COMMERCIAL DU SUD-OUEST,CCBPFRPP
"BANK OF FUKUOKA, LTD., THE",FKBKJPJT
LABCO GESTION GIE,LAGEFRPP
BANCOMER TRANSFER SERVICES INC.,BTSIUS44
"BANQUE AIG, PARIS HEAD OFFICE",AIGAFRPP
"LLOYDS TSB BANK PLC, PARIS",LOYDFRPP
LAFARGE SA,LAFAFRPP
SHINKIN CENTRAL BANK,ZENBJPJT
QATAR TELECOM (QTEL) Q.S.C,QTELQAQA
"DEUTSCHE BANK, HO CHI MINH CITY BRANCH",DEUTVNVX
THE ROYAL BANK OF SCOTLAND N.V. (FRANCE),ABNAFRPP
DEUTSCHE ASSET MANAGEMENT(JAPAN)LTD,DEAMJPJT
ALEF-BANK,ALEFRUMM
DEUTSCHE SECURITIES INC.,DEUTJPJ7
LUXOR SECURITIES BROKERAGE,LUXOEGCA
"CITADEL INVESTMENT GROUP, L.L.C.",CITGUS44
CHINA CONSTRUCTION BANK NEW YORK BRANCH,PCBCUS33
"SHIZUOKA BANK, LTD., THE",SHIZJPJT
HABIB BANK LIMITED,HABBAFKA
CP OR DEVISES,CPBIFRPP
"NORTH PACIFIC BANK, LTD.",NORPJPJP
BANQUE BIA,BIARFRPP
CREDIT AGRICOLE CHEUVREUX,CHVIFRPP
BANCO BILBAO VIZCAYA ARGENTARIA,BBVAFRPP
LVMH - MOET HENNESSY LOUIS VUITTON,LVMHFRPP
NATIXIS,NATXFRPP
CAPITAL GUARDIAN TRUST COMPANY,CGTCUS66
AK BARS BANK OAO,ARRSRU2K
"FULTON BANK, N.A.",FLBKUS33
EGYPTIAN WORKERS BANK,EWBAEGC1
CJSC BANK CREDIT SUISSE (MOSCOW),CRESRUMM
BANQUE POPULAIRE DU SUD-OUEST,CCBPFRPP
LAZARD FRERES BANQUE,LAZPFRPP
AS -PRIVATBANK',PRTTLV22
"SAIKYO BANK LTD., THE",SAKBJPJZ
CJSC -WELCOMEBANK',PYATRU2P
FROST BANK,FRSTUS44
BCS BANK,BCSBRU55
"CHANG HWA COMMERCIAL BANK, LTD., NEW YORK BRANCH",CCBCUS33
DONGA BANK,EACBVNVX
BANQUE POPULAIRE DU SUD,CCBPFRPP
BANK NATIONAL CLEARING CENTRE,NCCBRUMM
GBC INTERNATIONAL BANK,GUBCUS6L
PHAROS SECURITIES,PHAREGCA
BTA BANK LLS,ITASRUMM
DEPOSITORY CLEARING COMPANY,DCLCRUMM
AGROSOYUZ BANK,AGSZRU33
"BANK OF NAGOYA, LTD. , THE",NAGOJPJN
VINCI CONSTRUCTION FRANCE,VCFRFRPP
COMMERCIAL BANK OF MOSCOW,CBMWRUMM
FORD MOTOR COMPANY,FOMOUS33
CREDIT AGRICOLE CIB TOKYO BRANCH,BSUIJPJT
EGYPT STOCKS,EGSTEGCA
COMMERCIAL BANK NOYABRSKNEFTEKOMBANK,NOYBRU5N
ABU DHABI INTERNATIONAL BANK INC.,ADIBUS33
NATIONAL POST ORGANIZATION,PSTEEGCX
ARAB BANK PLC,ARABEGCX
ADP CLEARING AND OUTSOURCING SERVICES INC.,ADPCUS33
BANK BCC-MOSCOW,BCCMRUMM
"OGAKI KYORITSU BANK,LTD.,THE",OGAKJPJT
ALSYON TECHNOLOGIES,ALSYFRPP
BFA BANK,PETKRU2P
BELTONE SECURITIES BROKERAGE S.A.E,BELTEGCA
FRANSABANK FRANCE S.A.,FRAFFRPP
FIDELITY SERVICE CO,FIDQUS33
PIONEERS SECURITIES,PONREGCA
BANQUE LAYDERNIER,LAYDFR2W
"BANK OF AMERICA, TOKYO",BOFAJPJX
FAISAL ISLAMIC BANK OF EGYPT,FIEGEGCX
ENERGOMASHBANK PLC,ENEBRU2P
CAISSE D'EPARGNE AUVERGNE LIMOUSIN,CEPAFRPP
CROCUSBANK,CROKRUMM
"DAISAN BANK, LTD., THE",DSBKJPJT
DOHA BANK,DOHBQAQA
LEHMAN BROTHERS INTERNATIONAL (EUROPE) PARIS BRANCH,SLIIFRCC
BANK AUDI SARADAR FRANCE,AUDIFRPP
UNION DE BANQUES ARABES ET FRANCAISES,UBAFFRPP
GAZ DE FRANCE,GDFGFRPP
ODDO ET CIE,ODDOFRPP
BANK TEJARAT,BTEJFRPP
BROWN BROTHERS HARRIMAN SECURITIES INVESTMENT MANAGEMENT (JAPAN) INC.,BBHCJPJT
LYXOR ASSET MANAGEMENT,LAMXFRPP
"BANK OF TAIWAN, TOKYO BRANCH",BKTWJPJT
AL KHALIJ COMMERCIAL BANK,KLJIQAQA
JSC CITADELE BANKA,PARXLV22
BANK MELLI IRAN,MELIFRPP
CREDIT AGRICOLE CIB,BSUIFRPP
MONTE PASCHI BANQUE S.A.,MONTFRPP
AVM L.P.,IIIAUS33
UNITED BROKERAGE CORPORATION,UBCEEGCA
CITIBANK N.A.,CITIQAQA
NTT DATA GETRONICS CORPORATION,NTDGJPJT
CAIXA D'ESTALVIS DE CATALUNYA,CESCFR2X
BANCO DE SABADELL,BSABFRPP
IKB DEUTSCHE INDUSTRIEBANK A.G. SUCCURSALE DE PARIS,IKBDFRPP
"SBI SUMISHIN NET BANK, LTD.",NTSSJPJT
SUMITOMO MITSUI BANKING CORPORATION EUROPE LIMITED,SMBCFRPP
AIB BANK,AIBKUS33
AL SHOROUK BROKERAGE CO.,ALSHEGCA
ARAB INVESTMENT BANK,AINBEGCA
BANK FINSERVICE JSC,KOMXRUMM
HALWAN BROKERAGE CO.,HELWEGCA
APOLLO BANK,UCBMUS3M
GE CORPORATE FINANCE BANK,CRFAFRPP
BANQUE ALGERIENNE DE DEVELOPPEMENT,BADZDZAL
BANQUE SBA,SBAAFRPP
DEUTSCHE SECURITIES INC.,DEUTJPJ9
ABE CLEARING SAS/EBA CLEARING (SYSTEM OPERATOR),EBAPFRPS
BRAC AFGHANISTAN BANK,BABAAFKA
BARCLAYS CAPITAL JAPAN LTD.,BARCJPJ9
ACCENTURE INSURANCE SERVICES,ACIVFRPP
CIBC WORLD MARKETS (JAPAN) INC.,CIWMJPJT
CAISSE D'EPARGNE ILE DE FRANCE NORD,CEPAFRPP
"BANCO BILBAO VIZCAYA ARGENTARIA, NEW YORK",BBVAUS33
"CHUO MITSUI TRUST AND BANKING CO.,LTD.,THE",MTRBJPJT
PRIME SECURITIES BROKERAGE CO.,PSBREGCA
BANK RESO CREDIT,RETLRUMM
AMI-BANK ZAO,CLJARUMM
CAISSE D'EPARGNE D'ILE DE FRANCE OUEST,CEPAFRPP
FIDELITY SERVICE CO,FIDQUS3A
BORAK SECURITIES COMPANY,BORAEGCA
COMPAGNIE DE SAINT-GOBAIN,SGOBFRPP
NATIONAL SOCIETE GENERALE BANK S.A.E.,NSGBEGCX
FBN BANK UK LTD,FBNIFRPP
BANQUE FEDERALE DES BANQUES POPULAIRES (BANQUES POPULAIRES REGIONALES),CCBPFRPP
DEXIA CREDIT LOCAL,CLFRFRCC
COMMERCIAL BANK -SOVINCOM',BSOVRUMM
FSA ASSET MANAGEMENT LLC,FSAMUS33
"AOMORI BANK LTD., THE",AOMBJPJT
QATAR FOUNDATION,QFQFQAQA
BANK SEPAH,SEPBFRPP
BANK SANKT - PETERBURG OAO,JSBSRU2P
BANCO SANTANDER INTERNATIONAL,BDERUS3M
BANK ORENBURG OAO,ORBGRU3S
INTERCAPITAL SECURITIES,INCUEGC1
JAZIRA SECURITIES BROKERAGE,JAZIEGCA
CAIRO STOCK BROKERAGE COMPANY,CSBPEGCA
SUEZ CANAL BANK,SUCAEGCX
THE HIGO BANK LIMITED,HIGOJPJT
REGIONALA INVESTICIJU BANKA,RIBRLV22
COMMERCIAL INTERNATIONAL BROKERAGE COMPANY,CIBOEGCX
RBC DEXIA INVESTOR SERVICES BANK FRANCE,DISFFRPP
CRC MARIT MUTUEL DU LITTORAL SUD OUEST,CCBPFRPP
EUROCLEAR FRANCE SA,ESESFRPP
ASSOCIATED BANK GREEN BAY N.A.,ABGBUS44
CAISSE D'EPARGNE AQUITAINE POITOU CHARENTES,CEPAFRPP
BANK24.RU OAO,URALRU4E
DRESDNER BANK ZAO,DRESRU2X
"MCSD MISR FOR CLEARING,DEPOSITORY AND REGISTRY",MCSDEGCA
"SHINWA BANK, LTD. THE",SHWAJPJT
AHLI BANK Q.S.C.,ABQQQAQA
"BANK OF KAZAN, KBER, OOO",KABORU2K
ARESBANK,ARESRUMM
THE LATVIA BRANCH OF BANK SNORAS,SNORLV22
SOCIETE DES PAIEMENTS PASS SA,SOAPFR22
INTESA SANPAOLO SPA,BCITFRPP
HSBC SECURITIES EGYPT S.A.E.,HCESEGCX
COMMERCIAL INTERNATIONAL BANK (EGYPT) S.A.E.,CIBEEGCX
SOCIETE ARABE INTERNATIONALE DE BANQUE,SBNKEGCX
THE TOCHIGI BANK LTD.,TOCIJPJT
BANCO DE LA NACION ARGENTINA,NACNUS33
CENTRAL PACIFIC BANK,CEPBUS77
CELGENE CORPORATION,CELGUS3S
"BANCO DE BOGOTA, MIAMI AGENCY",BBOGUS3M
PICTET ASSET MANAGEMENT (JAPAN) LTD.,PICTJPJT
BANK OF ALEXANDRIA S A E,ALEXEGCX
"THE BANK OF NEW YORK MELLON TRUST (JAPAN), LTD",IRVTJPJT
SWEDBANK AS (FORMERLY A/S HANSABANKA),HABALV22
BANQUE MARTIN-MAUREL,BMMMFRCP
BLOM BANK EGYPT S.A.E.,MRBAEGCX
"BNP PARIBAS, DOHA",BNPAQAQA
BALTIKA BANK ZAO,BBNKRU2K
EUROAXIS BANK JOINT STOCK COMMERCIAL BANK,EABMRUMM
FDI FRANCE,FDFRFR22
ISBANK GMBH,ISBKFRPP
"BANK OF KYOTO,LTD.,THE",BOKFJPJZ
ANZ BANK(VIETNAM) LIMITED,ANZBVNVX
FRANCE TELECOM SA,FTELFRPP
"BANK OF TOKYO-MITSUBISHI UFJ, LTD., THE",BOTKFRPX
LA COMPAGNIE FINANCIERE ED. DE ROTHSCHILD BANQUE,COFIFRCP
ADMIRALTEISKY CB LTD,COAYRUMM
BANQUE POPULAIRE LOIRE ET LYONNAIS,CCBPFRPP
COFIDIS,CFFIFR2L
BANCO DO BRASIL S.A.,BRASFRPP
HSBC ASSET MANAGEMENT (EUROPE) SA,HAMFFRPP
"CHARLES SCHWAB AND CO., INC.",CSCHUS6S
"CENTRAL TANSHI CO., LTD.",CTRLJPJT
"OKAZAKI SHINKIN BANK, THE",OKSBJPJZ
BALTINVESTBANK OAO,UNEBRU2P
AXA BANQUE SA,AXABFRPP
DANONE FINANCE S.A.,DAFIFRPP
MEGA INTERNATIONAL COMMERCIAL BANK CO. LTD.,ICBCFRPP
VEOLIA ENVIRONNEMENT SA,VEOEFRPP
PREMIERE SECURITIES,PRSREGCA
FIRST NATIONAL BANK,FNBOUS44
BANK OF CHINA,BKCHVNVX
ROYAL BANK OF SCOTLAND PLC (FORMER ABN AMRO BANK N.V.),ABNAJPJT
CAISSE D'EPARGNE DU LANGUEDOC ROUSSILLON,CEPAFRPP
"JPMORGAN CHASE BANK, N.A.",CHASFRPB
CPI,CPIIFRPP
CENTRAL COMMERCIAL BANK,CBBCRUMM
ASHIKAGA BANK,ASIKJPJT
"CATHAY UNITED BANK, LOS ANGELES AGENCY DBA CUBT",UWCBUS6L
SCHRODER INVESTMENT MANAGEMENT (JAPAN) LIMITED,SIMJJPJ2
ABSOLUT BANK,ABSLRUMM
ABM BANK LTD,ABMBRUMM
APTAR GROUP SAS,APTAFRPP
BANQUE D'ESCOMPTE,ESCBFRPP
LAZARD FRERES BANQUE,LAZPFRCC
IPSEN,IPSNFRPP
SHINHAN BANK JAPAN,SHBKJPJX
CREDITIMPEX BANK,CIPXRUMM
CAISSE D'EPARGNE RHONE ALPES,CEPAFRPP
QATAR CENTRAL BANK,QMAGQAQA
"RBS SECURITIES JAPAN LIMITED, TOKYO BRANCH",NWSJJPJT
DAIWA SB INVESTMENTS LTD,DSBIJPJT
PHARAONIC BROKERAGE CO.,PHBREGCA
AVTOVAZBANK OPEN JOINT-STOCK COMPANY,AVBKRU3T
CAISSE D'EPARGNE DE HAUTE NORMANDIE,CEPAFRPP
AL ZAMAN EXCHANGE W.L.L,ALZAQAQA
SOFIPROTEOL,SOFRFRPP
DEVELOPMENT CAPITAL BANK,VIZIRUMM
CB HOLDING-CREDIT OOO,HOCCRUMM
"THE TOKYO TANSHI CO., LTD.",TKTSJPJT
CAISSE D'EPARGNE DE LOIRE DROME ARDECHE,CEPAFRPP
EXPORT DEVELOPMENT BANK OF EGYPT,EXDEEGCX
VIVENDI,VIVEFRPP
CITIBANK JAPAN LTD.,CITIJPJT
BANCOLOMBIA S.A. MIAMI AGENCY,COLOUS33
CASDEN-BANQUE POPULAIRE,CCBPFRPP
"DBS BANK LTD, TOKYO BRANCH",DBSSJPJT
CAISSE D'EPARGNE COTE D'AZUR,CEPAFRPP
ASIAN-PACIFIC BANK,ASANRU8X
CNP ASSURANCES,CNPAFRPP
"BANK OF THE RYUKYUS, LTD.",RYUBJPJZ
CALYON,CRLYVNVX
MASHREQ BANK,MSHQQAQA
GIRAUD INTERNATIONAL,JIROFRPP
MTS FRANCE SAS,FMTSFRPP
BANQUE RHONE ALPES,RALPFR2G
BANK MOSKVA,RJSCRUMM
EUROCOMMERCE BANK,ECOMRU22
CRC MARIT MUT ATLANTIQUE,CCBPFRPP
"COMMERZBANK AG, PARIS BRANCH (FORMERLY DRESDNER BANK AG, PARIS BRANCH)",DRESFRPX
AVERS BANK,BKAVRU2K
ART ET TECHNIQUES DU PROGRES,GRSRFR22
BANQUE DE GESTION PRIVEE-SIB,SIBLFRPP
BNP PARIBAS VOSTOK,BNPARUMV
BLOM BANK FRANCE,BLOMFRPP
FISCHER FRANCIS TREES AND WATTS INC.,FFTWUS33
CITIBANK N.A.,CITIVNVX
GFX CORPORATION,GFXCUS44
TASWEEQ,TSWQQAQB
ELECTRICITE DE FRANCE,EDFGFRPP
CIBC WORLD MARKETS CORP.,OPCOUS33
"RESONA BANK, LTD., TOKYO",DIWAJPJT
"GOLDEN BANK, N.A.",TFNBUS4H
SOCIETE MARSEILLAISE DE CREDIT,SMCTFR2A
FAR EASTERN BANK OAO,FAEBRU8V
CREDIT SUISSE SECURITIES (JAPAN) LTD.,CSFBJPJX
FIDELITY SERVICE CO,FIDQUS3P
STANDARD CHARTERED BANK,SCBLJPJT
CHINATRUST BANK (USA),CTHCUS66
MISR IRAN DEVELOPMENT BANK,MIDBEGCX
ARAB INTERNATIONAL BANK,ARIBEGCX
CREDIT COMMERCIAL DE FRANCE,CCFRFRCR
BGC SHOKEN KAISHA LIMITED,CFILJPJT
"FORTIS BANK SA/NV, PARIS BRANCH",GEBAFRPP
BANK OF LATVIA,LACBLV2X
MORTGAGE AND LAND BANK OF LATVIA,LHZBLV22
CATHAY BANK,CATHUS6L
GIE AXA FRANCE,AXAFFRPP
BANQUE POPULAIRE COTE D'AZUR,CCBPFRPP
COMMONWEALTH BANK OF AUSTRALIA HO CHI MINH CITY,CTBAVNVX
CREDIT EUROPE BANK LTD,FMOSRUMM
AMERICAN FIRST NATIONAL BANK,AFNBUS4H
BANQUE COURTOIS S.A.,COURFR2T
TEAM FOR STOCK EXCHANGE,TESEEGAL
COMMERCIAL BANK -LANTA-BANK',COLKRUMM
BONNA SABLA SA,BONAFRPP
HSBC BANK MIDDLE EAST LIMITED,BBMEQAQX
"SAITAMA RESONA BANK, LIMITED",SAIBJPJT
"ASAHI SHINKIN BANK, THE",ASKBJPJT
BANQUE POPULAIRE VAL DE FRANCE,CCBPFRPP
CORPORATE FINANCE BANK,FABARUMM
GLOBEOP FINANCIAL SERVICES LLC,GLOPUS33
BAKER HUGHES INCORPORATED,BHICUS44
BAKHTAR BANK,BKRBAFKA
COMMERZBANK AG TOKYO,COBAJPJX
BANQUE PRIVEE 1818,CCBPFRPP
BANQUE PSA FINANCE SA,PSABFRPP
AMB BANK JSC,RBKBRUMM
BANCO DEL PICHINCHA - MIAMI AGENCY,PICHUS3M
GE MONEY BANK SCA,MOEYFRPP
ALFA-BANK,ALFARUMM
BANCO BILBAO VIZCAYA ARGENTARIA TOKYO BRANCH,BBVAJPJT
BANQUE DE REALISATIONS DE GESTION ET DE FINANCEMENT,RGFIFRPP
DUBUS S.A.,DUBUFR2L
SG ASSET MANAGEMENT,SGAMFRPP
BANK ROSSIYSKY KAPITAL,ROSKRUMM
ALGERIA GULF BANK,AGUBDZAL
CREDIT AGRICOLE EGYPT,AGRIEGCX
CAPITAL MERCHANT BANK,ACAERUMM
SOCRAM BANQUE,SORMFR2N
"BANK OF TOKYO-MITSUBISHI UFJ, LTD., THE",BOTKFRCC
"BLACKROCK JAPAN CO., LTD.",BGIAJPJT
RIETUMU BANKA,RTMBLV2X
"BNP PARIBAS ZAO, MOSCOW",BNPARUMM
DUBUS SA,DUBUFR2N
FIRST NATIONS BANK,FNBWUS44
COFACREDIT,COFEFR2P
GURANTEE FOR BROKERAGE,GRNTEGCA
ALTA-BANK ZAO,ALTKRUMM
SOCIETE GENERALE,SOGEFRPP
BANK OF ALGERIA,BALGDZAL
CAPITAL RESEARCH AND MANAGEMENT COMPANY,CRMCUS66
FIRST NATIONAL BANK,FNAOUS44
ABN AMRO CAPITAL USA LLC,FTSBUS33
CAPITAL ZAO,JSBCRU4N
"VEFBANK, JOINT STOCK COMPANY COMMERCIAL BANK",VEFBLV22
AL KHALIJI FRANCE S.A.,LICOFRPP
GILEAD SCIENCES INC.,GILSUS6S
"DANSKE BANK A/S,LATVIJA BRANCH",MARALV22
INDUSTRIAL DEVELOPMENT AND WORKERS BANK OF EGYPT,DIBBEGCA
BNP PARIBAS EQUITIES FRANCE,DBZEFRPP
BARCLAYS BANK - EGYPT S.A.E.,BCBIEGCX
CREDIT COOPERATIF,CCOPFRCP
UNICREDIT BANK AG (HYPOVEREINSBANK) PARIS,HYVEFRPP
BANQUE POPULAIRE ATLANTIQUE,CCBPFRPP
CAISSE D'EPARGNE DE LORRAINE,CEPAFRPP
FINANCIERE BOURBON,FGBBFR2M
"CHIBA KOGYO BANK, LTD., THE",CHIKJPJT
Bank or Institution,Swift Co
CNCE GESTITRES,SDBFFRPP
FIRST CITIZENS BANK AND TRUST CO.,FCBTUS33
"BANK OF TOKYO-MITSUBISHI UFJ, LTD., THE",BOTKVNVX
ARCELOR TREASURY SNC,USINFRPP
COMPAGNIE DE FINANCEMENT FONCIER,CFFOFRPP
ALAHRAM SECURITIES BROKERAGE CO.,AHSCEGCA
CREDIT URAL BANK OAO,CRDURU4C
SAMBA TADAWOL MISR BROKERAGE,STMPEGCA
DERZHAVA JSCB,DERZRUMM
BANQUE D'ORSAY,BQORFRPP
RABOBANK SUCCURSALE DE PARIS,RABOFRPP
BNP PARIBAS SECURITIES (JAPAN) LTD.,BNPAJPJ2
HSBC FRANCE,BABOFRPP
BANK OF KHANTY-MANSIYSK OAO,KHANRUMM
AS DNB NORD BANKA,RIKOLV2X
HSBC FRANCE,CCFRFRPP
"GOLDMAN SACHS MITSUI MARINE DERIVATIVE PRODUCTS, L.P.",GSMMUS33
FLUOR CORPORATION,FLURUS44
"LATVIAN CENTRAL DEPOSITORY,THE",LCDELV22
"FIRST COMMERCIAL BANK, HO CHI MINH CITY BRANCH",FCBKVNVX
"CHINA MERCHANTS BANK CO., LTD.",CMBCUS33
RCIBANQUE S.A.,RCINFRPP
"BANK OF YOKOHAMA, LTD., THE",HAMAJPJT
"BANQUE DUPUY, DE PARSEVAL",BDUPFR2S
SVENSKA HANDELSBANKEN AB,HANDLV22
"BANK NEGARA INDONESIA (PERSERO), PT., TOKYO BRANCH",BNINJPJT
CATERPILLAR INC.,CTPLUS44
BANESCO USA,BBUBUS33
CAISSE DES DEPOTS ET CONSIGNATIONS,CDCGFRPP
"NATIONAL BANK OF KUWAIT (INTERNATIONAL) PLC, PARIS BRANCH",NBOKFRPP
"BANCO INTERNACIONAL DE COSTA RICA, MIAMI AGENCY",COSRUS3M
BOISSIERE FINANCE,SCHNFR22
"GOLDMAN SACHS BANK USA (FORMERLY GOLDMAN SACHS CAPITAL MARKETS, L.P.)",GSCMUS33
FIRST PLACE BANK,FPBSUS33
CJSC -NOMOS-BANK-SIBERIA',NOVORU52
BANQUE AL-BARAKA D'ALGERIE,BRKADZAL
CAISSE D'EPARGNE DE PICARDIE,CEPAFRPP
AL ROWAD FOR SECURITIES BROKERAGE,ROADEGCA
"THE SENSHU IKEDA BANK, LTD.",BIKEJPJS
VTB BANK (FRANCE) S.A.,EUROFRPP
ARAB JORDAN INVESTMENT BANK (QATAR) LLC,AJIBQAQA
NAEEM BROKERAGE,NAEEEGCA
ALIAA STOCK BROKERAGE HOUSE,ALIAEGCA
PASHTANY BANK,PIBAAFKA
ARAB BANK PLC,ARABQAQA
CAISSE D'EPARGNE LOIRE CENTRE,CEPAFRPP
ROTHSCHILD AND CIE BANQUE,RCBPFRPP
THALES SA,TCSFFRPP
HSBC FRANCE,LUBPFRPP
NATIXIS INTEREPARGNE,CCBPFRPP
CANTOR FITZGERALD AND CO.,CANFUS33
FIDUCIARY TRUST COMPANY INTERNATIONAL,FCNYUS33
FIRSTMERIT BANK N.A.,FNBAUS3A
INTERNATIONAL BANK OF QATAR (Q.S.C.),IBOQQAQA
"BANK NEGARA INDONESIA (PERSERO) PT., NEW YORK AGENCY",BNINUS33
NATIONAL INVESTMENT BANK,NINBEGCA
BAIN AND COMPANY INC,BAOYUS33
"CAPITAL ONE,N.A.",HIBKUS44
BANCO BRADESCO S.A.,BBDEUS33
"SHIMIZU BANK LTD., THE",SMZGJPJT
ARVEST BANK,ARVTUS44
BANQUES POPULAIRES PARTICIPATIONS,HLBPFRPP
DVE STOLITCY KB,DVSORUMM
"CREDIT SUISSE (FRANCE), PARIS",CRESFRPP
CHINA CONSTRUCTION BANK CORPORATION TOKYO BRANCH,PCBCJPJT
CAISSE D'EPARGNE NORD FRANCE EUROPE,CEPAFRPP
BANQUE D'ORSAY,BQORFRCC
DOHA SECURITIES MARKET,DSMDQAQA
SCHRODER INVESTMENT MANAGEMENT (JAPAN) LIMITED,SIMJJPJT
BANKE MILLIE AFGHAN,BMAFAFKA
CAISSE D'EPARGNE DES PAYS DE L'ADOUR,CEPAFRPP
BANQUE DU CAIRE,BCAIEGCX
CHINATRUST COMMERCIAL BANK,CTCBUS33
QINVEST LLC,QINVQAQA
GE MONEY BANK,BATRLV2X
BORSKY COMMERCIAL BANK,BOCRRU2B
HSBC FRANCE,BHVTFRPP
ODDO ET CIE,ODDOFRPA
DOLINSK BANK,DOLIRU8Y
"BANQUE LEHMAN BROTHERS S.A., PARIS",SLBSFRPP
BANQUE DE FRANCE,BDFEFR2T
PAREL,PAREFRPP
"AMERICAN EXPRESS TRAVEL RELATED SERVICES CO.,INC. (TRAVELERS CHEQUE OPER.CTR.)",AETCUS55
TYCOON FOR SECURITIES,TYCOEGCA
BANAMEX USA,CALCUS6L
ELNOUR SECURITIES,NOUREGCA
CORTAL CONSORS FRANCE,BCRTFRPP
CAISSE D'EPARGNE PROVENCE ALPES CORSE,CEPAFRPP
"ACI CAPITAL GROUP, LLC",ACIXUS33
AMEGY BANK N.A.,SWBKUS44
"BANK OF AMERICA, N.A.",BOFAUS3D
AUSTRALIA AND NEW ZEALAND BANKING GROUP LTD.,ANZBUS33
RASGAS COMPANY LIMITED,RLNGQAQA
AS LTB BANK,LATCLV22
CREDIT COOPERATIF,CCOPFRPP
GOLDMAN SACHS ASSET MANAGEMENT,GSAMUS33
BANQUE DU MAGHREB ARABE POUR L'INVESTISSEMENT ET LE COMMERCE,BMICDZAL
GLOBAL CAPITAL,GLBCEGCA
AMERICAN INTERNATIONAL GROUP,AIGXUS33
IMERYS SA,IMERFRPP
PIRAEUS BANK - EGYPT S.A.E.,ECBAEGCA
HSBC CCF SECURITIES (FRANCE) S.A.,CEBOFRPP
EVROPEISKY INVESTMENT COMMERCIAL BANK,EVICRU2K
CREDIT DU NORD,NORDFRPP
BNP PARIBAS SECURITIES SERVICES,PARBFRPH
"TAMA SHINKIN BANK, THE",TAMAJPJT
"AMAGASAKI SHINKIN BANK, THE",AMASJPJZ
"TAJIMA BANK, LTD, THE",TJMAJPJZ
AREVA SA,AREVFRPP
CAISSE D'EPARGNE ILE DE FRANCE,CEPAFRPP
"BANK OF NOVA SCOTIA,THE",NOSCEGCA
ARABEYA ON LINE,AOLBEGCA
AMERICAN INTERNATIONAL GROUP GLOBAL INVESTMENT GROUP,AGIGUS33
ALOSTAR BANK OF COMMERCE,ALOEUS44
BANQUE PALATINE (FORMERLY BANQUE SANPAOLO),BSPFFRPP
AIG FINANCIAL PRODUCTS CORP.,AIGFUS33
TOTAL CAPITAL,TOCAFRPP
FIRST GENERAL BANK,FGBCUS66
ALJAZEERA EXCHANGE COMPANY,AEXCQAQA
BANQUE POPULAIRE DES ALPES,CCBPFRPP
AUERBANK,AUERRUMM
QATAR ISLAMIC BANK,QISBQAQA
AFFINE SA,AFFIFRPP
KEPLER CAPITAL MARKETS,JBBRFRPP
STATE STREET TRUST AND BANKING COMPANY LIMITED,SSTBJPJX
"BANCO INDUSTRIAL DE VENEZUELA, C.A. MIAMI AGENCY",INDSUS3M
BANQUE CENTRALE DE COMPENSATION - LCH.CLEARNET SA,BACPFRPP
"FIRST COMMERCIAL BANK, LTD. NEW YORK BRANCH",FCBKUS33
GOLDMAN SACHS BANK USA (FORMERLY THE GOLDMAN SACHS TRUST COMPANY),GSTRUS33
ALLIANZ BANQUE S.A.,AGFBFRCC
FIRST TENNESSEE BANK N.A.,FTBMUS44
CENTERSTATE BANK OF FLORIDA,CSBKUS33
STATE BANK OF INDIA,SBINJPJT
UBS (FRANCE) S.A.,UBSWFRPP
BARCLAYS BANK PLC,BARCJPJ2
IXIS ASSET MANAGEMENT,IXIAFRPP
CAISSE NATIONALE DES CAISSES D'EPARGNE ET DE PREVOYANCE,CEPAFRPP
EFG BANQUE PRIVEE,EFGBFRPP
BALTIC INTERNATIONAL BANK,BLIBLV22
CHINFON COMMERCIAL BANK,CFCBVNVX
COMMERZBANK (EURASIJA) SAO,COBARUMM
EAST-EUROPEAN TRUST BANK,ETRURUMM
BANQUE MARTIN-MAUREL,BMMMFR2A
GENERAL MOTORS HOLDINGS LLC,GMCOUS33
BANQUE NEUFLIZE OBC,NSMBFRPP
CB RABOBANK (CLOSED JOINT-STOCK COMPANY),RABORUMM
"FIRST QUADRANT, L.P.",FQDRUS66
"BANK OF IWATE LTD., THE",BAIWJPJT
"NATIONAL BANK OF GREECE, (EGYPT NETWORK)",ETHNEGCA
BANK URAL FD,JSCORU4P
"COMMERCIAL BANK OF QATAR, LTD.",CBQAQAQA
CB -ROSPROMBANK' CO. LTD,TERARUMM
DAGENERGOBANK,DEBARU22
CAISSE D'EPARGNE DE BRETAGNE,CEPAFRPP
BANQUE POPULAIRE OCCITANE,CCBPFRPP
DEAL-BANK OOO,DEOORUMM
"STATE BANK OF INDIA, PARIS BRANCH",SBINFRPP
FOSTER BANK,FBNKUS44
OPTIMA SECURITIES BROKERAGE,OPSBEGCA
"GLOBEFLEX CAPITAL, L.P.",GFLXUS66
NATIONAL BANK FOR DEVELOPMENT,NBDEEGCX
CM - CIC BANQUES,CMCIFRPP
A/S AKCIJU KOMERCBANKA BALTIKUMS,CBBRLV22
"BANCO BPI, PARIS",BBPIFRPP
SMBC NIKKO SECURITIES INC.,NKSCJPJT
CENTRAL BANK OF EGYPT CAIRO,CBEGEGCX
CALYON (FORMERLY CREDIT LYONNAIS RUSBANK),CRLYRU2P
"CHANG HWA COMMERCIAL BANK LTD., TOKYO BRANCH",CCBCJPJT
BANQUE PELLETIER,BPELFR2Y
SVENSKA HANDELSBANKEN AB,HANDFRPP
FREDDIE MAC,FMACUS3W
AN BINH COMMERCIAL JOINT STOCK BANK,ABBKVNVX
FAURECIA,FAURFRPP
BANCFIRST,BFOKUS44
CAISSE CENTRALE DU CREDIT IMMOBILIER DE FRANCE,CCIFFRPP
"CREDIT SUISSE AG, PARIS BRANCH",CRESFRPZ
GRAND INVESTMENT SECURITIES,GRICEGCA
"THE BANK OF KOCHI, LIMITED",KOTIJPJZ
AMUNDI ASSET MANAGEMENT,AGRIFRPI
CISCO SYSTEMS INC,CSCOUS66
TADAWOL SECURITIES BROKERAGE CO.,TADLEGCA
BANK OF MOSCOW,MOSWRUMM
WESTLB AG PARIS,WELAFRPP
FISHER INVESTMENTS,FSHRUS66
MUBASHER TRADE,MUBREGCA
SAUDI EGYPTION CO. FOR SECURITIES BROKERAGE,SEFTEGCA
DELTACREDIT CB ZAO,DETARUMM
"HUA NAN COMMERCIAL BANK, LTD. HOCHIMINH CITY BRANCH",HNBKVNVX
BARWA BANK,BRWAQAQA
PANASONIC CORPORATION,PANAJPJS
HOUSING BANK OF MEKONG DELTA (MHB)-HEAD OFFICE,MHBBVNVX
SAMBA FINANCIAL GROUP,SAMBQAQA
CREDIT MUTUEL,CMCIFR2A
METRO CO. FOR BOOK KEEPING AND STOCK DEALING,MTROEGCA
LOMBARD ODIER DARIER HENTSCH AND CIE (FRANCE) SA,LOCYFRPP
ABACUS FEDERAL SAVINGS BANK,AFSBUS33
CAIXA GERAL DE DEPOSITOS,CGDIFRPP
ECONOMIC UNION BANK,COEIRUMM
D.I.M.O. GESTION,DIMOFR22
"ABN AMRO BANK N.V., HANOI BRANCH",ABNAVNV5
MIZUHO CORPORATE BANK LTD. PARIS BRANCH,MHCBFRPP
"COMPAGNIE FINANCIERE EDMOND DE ROTHSCHILD BANQUE, LA",COFIFRPP
BANK OF CHINA (ELUOSI),BKCHRUMM
QATAR NATIONAL BANK,QNBAFRPP
AFGHANISTAN INTERNATIONAL BANK,AFIBAFKA
BANQUE MICHEL INCHAUSPE - BAMI,BAMYFR22
BANQUE SOCIETE GENERALE VOSTOK,SOGERUMM
BGFI INTERNATIONAL,BGFIFRPP
CREDIT MUTUEL - CIC BANQUES,CMCIFRPA
CREDIT-MOSCOW BANK,CRMORUMM
FIRST NIAGARA BANK,FNFGUS33
F.B.F. (FORTIS BANQUE FRANCE),RUBBFRPP
LATVIJAS PASTA BANKA,LAPBLV2X
QATAR INVESTMENT AUTHORITY,GQICQAQA
ALLIANCEBERNSTEIN JAPAN LTD,ALCAJPJX
"BANCO DE LA NACION ARGENTINA, MIAMI BRANCH",NACNUS3M
BANK LEUMI USA,LUMIUS3N
EUROTRUST CB ZAO,CEURRUMM
DEUTSCHE BANK AG,DEUTFRPP
CREDIT MUTUEL ARKEA,CMBRFR2B
CREDIT DU MAROC - SUCCURSALE DE PARIS,CDMAFRPX
"SHINSEI BANK, LTD.",LTCBJPJT
IFA SECURITIES BROKERAGE,IFASEGCA
BANQUE DE SAVOIE S.A.,BSAVFR2C
BANK CAPITAL-MOSCOW,CAIWRUMM
SOCIETE CENTRALE DE CREDIT MARITIME MUTUEL,CCBPFRPP
ODDO ET CIE ENTREPRISE D'INVESTISSEMENT,ODDOFRCP
ATLANTIC CENTRAL BANKERS BANK,ATLCUS33
BNP PARIBAS FINAMS,FAMSFRPP
"OITA BANK, LTD., THE",OITAJPJT
"TREASURY OF THE REPUBLIC OF LATVIA, THE",TRELLV22
NATIONAL BANK OF OMAN (SAOG),NBOMEGCX
NEW BRENT FOR SECURITIES BROKERAGE,NEWPEGCA
DAIWA SECURITIES CAPITAL MARKETS CO.LTD.,DWSCJPJT
FREDDIE MAC,FMACUS33
EGYPTIAN INVESTOR PROTECTION FUND,EIPFEGCA
SUEZ SA,SUFIFRPP
BLOM BANK EGYPT S.A.E.,MRBAEGCB
FIRST COMMERCIAL BANK (USA),FCBCUS6L
FACTOBAIL,FACIFRPP
"RBC CAPITAL MARKETS (JAPAN) LTD., TOKYO",RBDSJPJT
"DAISHI BANK LTD.,THE",DAISJPJT
DEXIA BANK CJSC,IKBARUMM
BANGKOK BANK PUBLIC COMPANY LTD.,BKKBJPJT
PPR FINANCE,PPRFFRPP
SUMITOMO MITSUI BANKING CORPORATION,SMBCJPJT
CREDIT AGRICOLE,AGRIFRPP
"INDUSTRIAL AND COMMERCIAL BANK OF CHINA, LIMITED",ICBKQAQA
BANCO DO BRASIL S.A,BRASUS3M
EUROPE ARAB BANK PLC,ARABFRPP
ECONOMIC GROUP,ECGPEGCA
AFRICAN EXPORT IMPORT BANK,AFXMEGCA
SGAM BANQUE (FORMERLY BAREP BANQUE),RPLAFRPP
BANQUE POPULAIRE DU MASSIF CENTRAL,CCBPFRPP
BLOM BANK QATAR LLC,BLOMQAQA
EVRAZBANK OOO,EVRARUMM
"GOLDMAN, SACHS AND CO.",GOLDUS33
BM SOFTWARE,BMSOFR22
TOTAL TREASURY,TTREFRPP
AGRICULTURAL BANK OF CHINA NEW YORK BRANCH,ABOCUS33
FIRST BANK,FBOLUS6L
"CHUKYO BANK, LIMITED, THE",CKBKJPJN
"LATVIAN BUSINESS BANK, JOINT STOCK COMPANY",MOSBLV2X
DEUTSCHE BANK AG,DEUTQAQA
KOREA EXCHANGE BANK,KOEXFRPP
"CHINATRUST COMMERCIAL BANK, TOKYO BRANCH",CTCBJPJT
SHINKIN CENTRAL BANK,ZENBJPJ2
BANCA IMI SECURITIES CORP.,BIMIUS33
ARAB BANKING CORPORATION,ABCOUS33
GDF SUEZ,GSZGFRPP
"CHANG HWA COMMERCIAL BANK, LTD., LOS ANGELES BRANCH",CCBCUS6L
CHEMICAL BANK,CHEMUS33
ALEKSANDROVSKY BANK,ITEHRU2P
EGYPTIAN KUWAITI SECURITIES COMPANY,EGKUEGCA
CREDIT AGRICOLE SECURITIES ASIA B.V.,CRLYJPJ9
CITY INVEST BANK,CITVRU2P
BANQUE DE BRETAGNE,BDEBFR2R
AMERICAN INTERNATIONAL GROUP GLOBAL INVESTMENT GROUP,AGIGUS3W
THE ROYAL BANK OF SCOTLAND PLC PARIS BRANCH,RBOSFRPP
CITY MORTGAGE BANK OOO,CMBBRUMM
CLF BANQUE,CLBQFRCC
"CHUGOKU BANK, LTD., THE",CHGKJPJT
COMMONWEALTH BANK OF AUSTRALIA,CTBAJPJT
"SHOKO CHUKIN BANK, LTD., THE",SKCKJPJT
DEUTSCHE BANK OOO,DEUTRUMM
FIRST BANK OF MIAMI,FBOMUS3M
BANK OF CHINA,BKCHJPJT
CAISSE D'EPARGNE DE MIDI PYRENEES,CEPAFRPP
"MEDICAPITAL BANK PLC, SUCCURSALE EN FRANCE",BMCEFRPP
AIG INTERNATIONAL INC.,AIGIUS33
HSBC BANK PLC,MIDLFRCP
DEXIA ASSET MANAGEMENT,DXAMFRPP
BANQUE INTERNATIONALE DE COMMERCE-BRED,BICFFRPP
JOINT STOCK COMMERCIAL BANK FOR FOREIGN TRADE OF VIETNAM,BFTVVNVX
PROCAPITAL SA,PROCFRPP
AGROIMPULS JOINT STOCK COMMERCIAL BANK,JSCGRU2V
EASTBRIDGE BANK,EBRIRUMM
ABBEY NATIONAL SECURITIES INC.,ANSSUS33
MONABANQ.,MONNFR22
"NATIONAL BANK OF PAKISTAN, KABUL BRANCH",NBPAAFKA
CIBC ALLIANCE GROUP,CIBGRUMM
OKAZ STOCK BROKERS AND INVESTMENT CONSULTANTS,OSICEGCA
BANKHAUS ERBE,WBCCRUMM
ABB BANK,CMABRUMM
BPCE,BPCEFRPP
HSBC BANK EGYPT,EBBKEGCX
BANQUE DELUBAC ET CIE,DELUFR22
BANK OF JAPAN,BOJPJPJT
BANQUE POPULAIRE RIVES DE PARIS,CCBPFRPP
EUROMET BANK,EUMTRUMM
BANCO DO BRASIL S.A.,BRASJPJT
CAISSE D'EPARGNE DE BOURGOGNE FRANCHE-COMTE,CEPAFRPP
BANK OF THE DEVELOPMENT OF TECHNOLOGIES (COMMERCIAL BANK),BDTBRUMM
UNICREDITO ITALIANO SPA - SUCCURSALE DE PARIS,UNCRFRPP
ARAB AFRICAN INTERNATIONAL BANK,ARAIEGCX
GE FACTOFRANCE,FACFFRPP
EGYPTIAN AMERICAN CO. FOR BROKERAGE,EGABEGCA
"SMBC FRIEND SECURITIES CO., LTD",YAMTJPJT
TRASTA KOMERCBANKA,KBRBLV2X
QATAR NATIONAL BANK,QNBAQAQA
BNP PARIBAS ASSET MANAGEMENT,PARBFRPM
"CENTRE ASSET MANAGEMENT, LLC",CESAUS33
COSMO SECURITIES CO. LTD.,COSSJPJT
BRED BANQUE POPULAIRE,BREDFRPP
"BANK OF AMERICA, N.A. PARIS",BOFAFRPP
DEXIA MUNICIPAL AGENCY PARIS,DXMAFRPP
EGYPTIAN ARAB LAND BANK,ARLBEGCA
MASRAF AL RAYAN,MAFRQAQA
"STATE BANK OF INDIA, QATAR FINANCIAL CENTRE BRANCH",SBINQAQA
"BANCO DE CREDITO E INVERSIONES, MIAMI BRANCH",CREDUS3M
STANDARD FOR SECURITIES,STSCEGCA
COMMERCIAL BANK SVENSKA HANDELSBANKEN (CLOSED JOINT STOCK COMPANY),HANDRUMM
CENTRAL BANK OF RUSSIAN FEDERATION,CBRFRUMM
SWIFT CUSTOMER SERVICE CENTRE JAPAN,SWHQJPJT
BANK KHOVANSKIY,KHOVRUMM
BANQUE POPULAIRE D'ALSACE,CCBPFRPP
ALNOURAN BROKERAGE AND SECURITIES,NOBSEGCA
HSBC BANK PLC,MIDLFRPX
BANK OF CYPRUS COMMERCIAL BANK LLC,BCYPRUMM
COUNCIL OF EUROPE DEVELOPMENT BANK,CEFPFRPP
LAZARD FRERES GESTION,LAFGFRPP
BANQUE THEMIS (FORMERLY BANQUE DE L'ILE DE FRANCE - B.D.E.I.),BDEIFRPP
SOFAX BANQUE,SFAXFRPP
BARCLAYS BANK LLC,BARCRUMM
BNP PARIBAS ARBITRAGE,BNABFRPP
MAIWAND BANK,MWBKAFKA
AGROINKOMBANK,AGRBRU3A
BANQUE DE L'AGRICULTURE ET DE DEVELOPPEMENT RURAL,BADRDZAL
EL HORREYA SECURITIES BROKERAGE CO.,HRIAEGCA
PRIZMA SECURITIES COMPANY,PRSEEGCA
"THE BANK OF NEW YORK MELLON, TOKYO BRANCH",IRVTJPJX
YVES ROCHER,YROCFRPP
CAISSE D'EPARGNE D'ALSACE,CEPAFRPP
AIB BANK,AIBKUS3T
KBL RICHELIEU BANQUE PRIVEE,KBLXFRPP
"NOMURA ASSET MANAGEMENT CO., LTD.",NAMKJPJT
BANK TROIKA DIALOG,TDBKRUMM
AIRBUS SAS,AIRBFR22
ARAB BANKING CORPORATION EGYPT,EAABEGCX
DEPFA BANK PLC,DPFAJPJT
ALWATANY BANK OF EGYPT,WABAEGCX
COMMERCIAL BANK MAST BANK (JOINT STOCK COMPANY),CMASRUMM
BANCO ITAU EUROPA INTERNATIONAL,ITAUUS3M
CHICAGO MERCANTILE EXCHANGE,XCMEUS4F
PUNJAB NATIONAL BANK,PUNBAFKA
CAISSE D'EPARGNE NORMANDIE,CEPAFRPP
BANQUE POPULAIRE DU NORD,CCBPFRPP
ABC INTERNATIONAL BANK PARIS BRANCH,ABCOFRPP
AIZKRAUKLES BANKA,AIZKLV22
ELBIN BANK,ELBIRU22
NORDEA BANK FINLAND PLC LATVIA BRANCH,NDEALV2X
EUROCLEAR FRANCE,ECLNFRPP
"BANK OF OKINAWA, LTD., THE",BOKIJPJZ
FIRST JOINT STOCK COMMERCIAL BANK,FJCBVNVX
ROYAL BANK OF SCOTLAND PLC,RBOSJPJX
HORIZON SECURITY BROKERAGE COMPANY,HORZEGCA
BANQUE DE L'EUROPE MERIDIONALE SA,BEMOFRPP
MEGA INVESTMENTS SECURITIES,MISHEGCA
"THE NISHI-NIPPON CITY BANK, LTD",NISIJPJT
ABERCROMBIE AND FITCH CO.,ANFCUS33
ATTIJARIWAFA BANK,BCMAFRPP
BANQUE FRANCAISE COMMERCIALE DE L'OCEAN INDIEN,BFCOFRPP
"GLASS LEWIS AND CO, LLC",GLLLUS6S
"INDUSTRIAL BANK OF KOREA, HOCHIMINH BRANCH",IBKOVNVX
BANQUE MISR - SUCCURSALE DE PARIS,BMISFRPP
BANCA REGIONALE EUROPEA S.P.A.,BREUFR22
CAISSE D'EPARGNE DE POITOU CHARENTES,CEPAFRPP
HA BROKERAGE COMPANY,HABCEGCA
"CHUGOKU BANK, LTD., THE",CHGKJPJZ
NATIONAL BANK OF ABU DHABI,NBADEGCA
KABUL BANK,KABUAFKA
BANK SADERAT IRAN,BSIRQAQA
DEUTSCHE BANK AG,DEUTJPJT
PRINCIPAL BANK FOR DEVELOPMENT AND AGRICULTURAL CREDIT,BDACEGCA
AVANGARD BANK,AVJSRUMM
QATAR FIRST INVESTMENT BANK,QFIBQAQA
BANCO DE CREDITO DEL PERU - MIAMI AGENCY,BCPLUS33
1ST ENTERPRISE BANK,FEBKUS6L
BANQUE POPULAIRE BOURGOGNE FRANCHE COMTE,CCBPFRPP
AZIZI BANK,AZBAAFKA
ALTICOR INC,AMWYUS33
"BANK POLSKA KASA OPIEKI S.A., SUCCURSALE DE PARIS",PKOPFRPP
BANQUE POPULAIRE LORRAINE CHAMPAGNE,CCBPFRPP
BRATSKY NARODNY BANK JSC,BRATRU6B
THE UNITED BANK,UBOEEGCX
DYNAMIC SECURITIES TRADING,DYSTEGCA
SIGMA SECURITIES BROKERAGE,SIGMEGCA
UNION TUNISIENNE DE BANQUES,UTUBFRPP
"SKANDINAVISKA ENSKILDA BANKEN, PARIS BRANCH",ESSEFRPX
INTER PARFUMS S.A,IPARFRPP
FIRST INTERCONTINENTAL BANK,FIEBUS3A
BANQUE REVILLON,REVIFRPP
CREDIT BANK OF MOSCOW (OPEN JOINT STOCK COMPANY),MCRBRUMM
EKATERININSKIJ APB OAO,EKATRUMM
BNP-PARIBAS SA,BNPAFRPP
DONINVEST COMMERCIAL BANK,DOCORU2R
"SAN-IN GODO BANK, LTD., THE",SGBKJPJT
AMERICAN PERSPECTIVE BANK,APBAUS6L
ROYAL BANK OF CANADA,ROYCJPJT
BMI BANK B.S.C. QATAR BRANCH,BMUSQAQA
EUROPEAN FUND ADMINISTRATION FRANCE S.A.S,EFALFRPP
BANK BFT,BFTFRUMM
CRCMM DE BRETAGNE NORMANDIE,CCBPFRPP
"FIRST MICROFINANCE BANK LTD., THE",FMFBAFKA
"SURUGA BANK, LTD., THE",SRFXJPJT
QATAR INTERNATIONAL ISLAMIC BANK,QIIBQAQA
CITY EXCHANGE CO. W.L.L,CECQQAQA
MERCEDES-BENZ FINANCIAL SERVICES,DFSDFR22
AMERICAN BUSINESS BANK,ACBBUS6L
AS UNICREDIT BANK,VBRILV2X
CAISSE D'EPARGNE DE LORRAINE CHAMPAGNE-ARDENNE,CEPAFRPP
GROUPAMA BANQUE,GPBAFRPP
HONEST BROKERAGE,HOBREGCA
CHELINDBANK,CHLBRU4C
ORBEO,ORBEFRPP
BANK FOR INVESTMENT AND DEVELOPMENT OF VIETNAM,BIDVVNVX
"AICHI BANK, LTD., THE",AICHJPJN
EL TADAMOUN EL ARABI BROKERAGE COMPANY,TDAREGCA
PICTET AND CIE (EUROPE) S.A. SUCCURSALE DE PARIS,PICTFRPP
ALJBA ALLIANCE,ALALRUMM
BOURSE DIRECT SA,BDIRFRPP
"SETO SHINKIN BANK, THE",SSBKJPJZ
CHARLES SCHWAB GLOBAL SERVICES CORP.,CSFXUS6S
LYXOR INTERNATIONAL ASSET MANAGEMENT,LIMXFRPP
SOCIETE GENERALE,SOGEJPJT
FEDERAL BANK FOR INNOVATION AND DEVELOPMENT,FEIDRUMM
BANQUE CHAABI DU MAROC,BCDMFRPP
BTA - KAZAN BANK,BTKZRU2K
FIRST HAWAIIAN BANK,FHBKUS77
1ST UNITED BANK,HEMSUS3M
LA BANQUE POSTALE ASSET MANAGEMENT,LBGAFRPP
SOCIETE GENERALE SECURITIES (NORTH PACIFIC) LTD.,SGNPJPJT
KBC BANK NV PARIS,KREDFRPP
BNP PARIBAS S.A. - TOKYO BRANCH,BNPAJPJT
THE ROOTS STOCK-BROKERAGE HOUSE,ROOTEGCA
EXIMBANK OF RUSSIA,EXIRRUMM
MIRAGE BROKERAGE,MIRAEGCA
BANQUE TARNEAUD,TARNFR2L
BANCO ESPIRITO SANTO,BESCUS33
NATIXIS SECURITIES,IXIRFRPP
THE HAMAMATSU SHINKIN BANK,HMSKJPJT
NATIXIS LEASE,CCBPFRPP
BALTIYSKIY BANK,BABJRU2P
VINCI HOLDING,VINCFRPP
BNP-PARIBAS SA,BNPAFRPH
INDOVINA BANK LTD.,IABBVNVX
QATAR DEVELOPMENT BANK,QIDBQAQA
BANK INVESTBANK -CENTRAL' BRANCH,CONVRUMM
BANK VTB NORTH-WEST,ICSPRU2P
BNP PARIBAS LE CAIRE,BNPAEGCX
"ECOPROMBANK, JOINT-STOCK COMMERCIAL BANK",ECJORU4P
HABIB BANK LIMITED,HABBFRPP
SAFRAN,SFRAFRPP
AVTOGRADBANK,AVGRRU22
BANCA CARIGE SPA,CRGEFR2X
MULTI ACCES BANQUE,CCBPFRPP
NATIXIS,CCBPFRPP
BFT - BANQUE DE FINANCEMENT ET DE TRESORERIE SA,BFTRFRPP
"AEGON USA INVESTMENT MANAGEMENT, LLC",AEGUUS44
CERNER CORPORATION,CEOAUS44
EUROCREDIT COMMERCIAL BANK LTD LIABILITY COMPANY,ECLYRUMM
STANDARD CHARTERED BANK,SCBLQAQX
"SUGAMO SHINKIN BANK, THE",SSHBJPJT
CHOLET DUPONT SA,CHDUFRPP
ENERGOTRANSBANK,ENGORU2K
ARES MANAGEMENT LLC,ARNLUS66
BARCLAYS CAPITAL LIMITED LIABILITY COMPANY,BARCRU2M
BANCO DE LA REPUBLICA ORIENTAL DEL URUGUAY,BROUUS33
"ING BELGIUM S.A., SUCCURSALE EN FRANCE",INGBFRPP
EUROCLEAR FRANCE,SICVFRPP
BNP PARIBAS VIETNAM - HO CHI MINH CITY BRANCH,BNPAVNVN
BANK HAPOALIM B.M.,POALUS33
ROTHSCHILD AND CIE BANQUE,RCBPFRPR
BANK OF ALGERIA,BALGDZAP
EBI SA,ECOCFRPP
"FAR EAST NATIONAL BANK, HO CHI MINH CITY BRANCH",FENBVNVX
ART-BANK,ARTBRU3V
BANK PRIME FINANCE,PRFNRU2P
BANCA INTESA ZAO MOSCOW,BCITRUMM
TASWEEQ,TSWQQAQA
CITIBANK CAIRO,CITIEGCX
EKATERINBURG BANK,EKNCRU4E
CAISSES D'EPARGNE PARTICIPATIONS,HLCEFRPP
EXPRESS-CREDIT BANK,EXCBRUMM
"OVERSEA-CHINESE BANKING CORPORATION LIMITED, TOKYO BRANCH",OCBCJPJT
FINANCIAL BROKERAGE GROUP (FBG),EFGHEGCA
EULER HERMES SFAC CREDIT,EHSCFR2P
ALCATEL-LUCENT,ATELFRPP
BRED GESTION,BRGEFRPP
LEADERS,LEADEGCA
COMMERZBANK AG,COBAFRPX
"SHONAI BANK, LTD., THE",SNAIJPJT
STATE STREET BANK AND TRUST COMPANY,SBOSJPJX
ARAB BANKING CORPORATION - ALGERIA,ABCODZAL
CAISSE D'EPARGNE BRETAGNE PAYS DE LOIRE,CEPAFRPP
"THE NOMURA TRUST AND BANKING CO., LTD.",NMTBJPJT
CACEIS BANK,ISAEFRPP
BANCO ESPANOL DE CREDITO,ESPCUS3N
BANGKOK BANK PCL,BKKBVNVX
EAST-EUROPEAN BANK FOR RECONSTRUCTION AND DEVELOPMENT,EEBARUMM
"CAPITAL ONE, N.A.",NFBKUS33
CAPITAL SECURITIES BROKERAGE,YMACEGCA
BANCO DAVIVIENDA S.A.,CAFEUS3M
PHILIPPINE NATIONAL BANK TOKYO BRANCH,PNBMJPJT
CENTER-INVEST CB,CCIVRU2R
BANK OF TOKYO-MITSUBISHI UFJ (EURASIA) ZAO,BOTKRUMM
AMAN SECURITIES COMPANY,AMSOEGCA
COMMERCIAL BANK SUMMIT BANK OPEN JOINT STOCK COMPANY,CBBORU8V
BANQUE POPULAIRE DE L'OUEST,CCBPFRPP
BANK OF INDIA,BKIDJPJT
CAPITAL KREDIT LTD,CINGRUMM
EURONEXT PARIS S.A.,XPARFRPP
BANQUE BCP,BPSMFRPP
UNIVERSAL SECURITIES EXCHANGE FOR BROKERAGE,UNSBEGCA
DLALA BROKERAGE LLC,DLBOQAQA
"NORINCHUKIN BANK, THE",NOCUJPJT
ENISEY (PUBLIC COMPANY) JSCB,ENCBRU55
THE GROUP SECURITIES,GRPSQAQA
FIRST AMERICAN BANK,FAMBUS44
AHLI UNITED BANK (EGYPT) S.A.E.,DEIBEGCX
BANQUE CHAIX,CHAIFR2A
FIRST GULF BANK QATAR FINANCIAL CENTRE,FGBMQAQA
DORIS BANK,DORIRUMM
HSBC PRIVATE BANK FRANCE,BLICFRPX
FIRST DATA CORPORATION,FDUSUS55
METROPOLE GESTION,METGFRP2
B AND N BANK (JOINT-STOCK COMPANY),BINORUMM
BANCO ESTADO DE CHILE NEW YORK BRANCH.,BECHUS33
BANK MONETNY DOM,MECLRU4C
ENERGOBANK,TRCBRU2K
AGF ASSET MANAGEMENT,AGFMFRPP
CJSC UNICREDIT SECURITIES,UCSRRUMM
BALTIK DEVELOPMENT BANK,BADJRUMM
ELECTRO BANQUE,ELBAFRPP
"BANK OF TOKYO-MITSUBISHI UFJ, LTD., THE",BOTKJPJT
ABBEY NATIONAL TREASURY SERVICES LTD US BRANCH,ANTSUS33
BANQUE DE DEVELOPPEMENT LOCAL,BDLODZAL
EUROPEENE DE GESTION PRIVEE,EUGPFR22
FAR EASTERN COMMERCIAL BANK OAO,FAECRU8K
"THE 77 BANK,LTD.",BOSSJPJT
LAMINES MARCHANDS EUROPEENS,LMEFFR22
FASTNET FRANCE,FNETFRPP
"NOMURA RESEARCH INSTITUTE, LTD.",NRIWJPJT
CHELYABINVESTBANK,CHINRU4C
GENWORTH LIFE INSURANCE COMPANY,GNWFUS33
"JPMORGAN CHASE BANK, N.A.",CHASFRPP
HOUSING AND DEVELOPMENT BANK,HDBKEGCA
FIDELITY SERVICE CO,FIDQUS3B
BANCO SANTANDER S.A. NEW YORK,BSCHUS33
OSEO GARANTIE,SFGFFRCP
BAC FLORIDA BANK,BFLBUS3M
FORTIS BANQUE FRANCE,BPARFRPP
GENERAL ELECTRIC COMPANY,GENEUS33
GROUPAMA ASSET MANAGEMENT,GPAMFRPP
HSBC BANK (VIETNAM) LTD.,HSBCVNVX
CENTROKREDIT BANK,CKBBRUMM
"NORVIK BANKA, JSC",LATBLV22
GHAZANFAR BANK,GHBKAFKA
AL SALAM BANK ALGERIA,SALGDZAL
ATB BANK,ATBTRUMM
"BANCO DE SABADELL, S.A.",BSABUS3X
BUSINESS DEVELOPMENT BANK,BDBMRUMM
"CREDIT SUISSE AG, TOKYO BRANCH",CRESJPJT
DEXIA MUNICIPAL AGENCY PARIS,DXMAFRCC
LA BANQUE POSTALE,PSSTFRPP
BNP PARIBAS FUND SERVICES SAS,BPASFRPP
MASHREQ TRADE,GSTHEGCA
"ASSOCIATED FOREIGN EXCHANGE, INC",AFEIUS6L
BSI-IFABANQUE SA,IFABFRPP
SEB BANKA,UNLALV2X
ECONOMBANK ZAO,BRECRU2S
BANQUE EXTERIEURE D'ALGERIE,BEXADZAL
CAP GEMINI SERVICE SAS,CAPGFRPP
DELTA RASMALA SECURITIES,DESGEGCA
CB GENBANK OOO,GEOORUMM
CREDIT FONCIER DE FRANCE,CFFRFRPP
UNION NATIONAL BANK-EGYPT S.A.E.,ALECEGAL
JSC LATVIJAS KRAJBANKA,UBALLV2X
BOX AND AUTOMATION SOLUTION,BOXXFRPP
BFG-CREDIT BANK,BFGBRUMM
BANK JUGRA,JUGRRUMM
EVROFINANCE MOSNARBANK,EVRFRUMM
BANCO LATINOAMERICANO DE COMERCIO EXTERIOR S.A.,BLAEUS3X
"FIRST REPUBLIC BANK, A BANK IN ORGANIZATION",FRBBUS6S
MASHREQ BANK,MSHQEGCA
ALLY FINANCIAL INC,ALYIUS33
SUMISHO COMPUTER SYSTEMS CORPORATION,SCSJJPJT
"AKITA BANK, LTD.,THE",AKITJPJT
EXANE S.A.,EXANFRPP
DEXIA CREDIT LOCAL,CLFRFRPP
"RABOBANK NEDERLAND, TOKYO BRANCH",RABOJPJT
BANCO SANTANDER S.A.,BSCHFRPP
AKIBANK JSC,AKOARU22
BANQUE LEHMAN BROTHERS,SLBSFRCC
"AWA BANK, LTD., THE",AWABJPJT
"AMB PROPERTY, L.P.",AMBCUS6L
DAIWA SECURITIES CO.LTD.,DAREJPJT
NATIONAL BANK OF ABU DHABI,NBADFRPP
FINANCIERE D'UZES,UZESFRCP
OSOOL ESB FOR SECURITIES BROKERAGE,OSOLEGCA
CPR ASSET MANAGEMENT,CPRMFRPP
AUSTRALIA AND NEW ZEALAND BANKING GROUP LIMITED,ANZBJPJX
JASON INFORMATIQUE,JASOFR2P
"OKASAN SECURITIES CO., LTD.",OKASJPJT
CHICAGO MERCANTILE EXCHANGE,XCMEUS4C
BOURSORAMA,BOUSFRPP
BANK MELLI IRAN ZAO,MELIRUMM
"SPARX ASSET MANAGEMENT CO., LTD.",SPAXJPJT
VINCI ENERGIES,VESAFR22
ADP GLOBAL PROXY SERVICES,ADPGUS33
CHUVASHCREDITPROMBANK OAO,CHVARU2C
HOUSING DEVELOPMENT COMMERCIAL J.S. BANK - HCMC,HDBCVNVX
BANK OF INDIA,BKIDFRPP
"AOZORA BANK, LTD",NCBTJPJT
"AGILENT TECHNOLOGIES, INC",AGILUS6S
BANQUE POP CENTRE ATLANTIQUE,CCBPFRPP
"BANGKOK BANK PUBLIC COMPANY LIMITED, NEW YORK",BKKBUS33
"BANK OF TOKYO-MITSUBISHI UFJ, LTD.,THE",BOTKJPJ2
FERROBANK LLC,SVIBRUMM
FIFTH THIRD BANK,FTBCUS3C
AF BANK,BKAFRUMM
CIB FINANCE,CIBRFRPP
ETS J SOUFFLET,SOUFFR22
BANQUE ESPIRITO SANTO ET DE LA VENETIE,BESVFRPP
ABE CLEARING SAS/EBA CLEARING,EBAPFRPP
BANCO INDUSTRIAL DE VENEZUELA,INDSUS33
"BANK OF NOVA SCOTIA,THE",NOSCJPJT
NATIONAL BANK OF EGYPT,NBEGEGCX
AFGAN UNITED BANK,AFGUAFKA
AS SMP BANK,MULTLV2X
BANQUE MISR,BMISEGCX
ALCOA INC.,ALUMUS33
OSEO FINANCEMENT,CPMEFRPP
ALSTOM HOLDINGS,ALHOFRPP
DA AFGHANISTAN BANK,AFGBAFKA
DECATHLON SA,OXYLFR22
GOLDEN SHARE SECURITIES,GSHSEGCA
"CHINATRUST COMMERCIAL BANK, HO CHI MINH CITY BRANCH",CTCBVNVX
BYBLOS BANK EUROPE S.A. (PARIS BRANCH),BYBBFRPP
ACCEPT CB OAO,AJSCRU55
NATIONAL BANK OF PAKISTAN,NBPAFRPP
CHITAPROMSTROYBANK OAO,CHIJRU77
"BANK OF COMMUNICATIONS, TOKYO BRANCH",COMMJPJT
BANQUE POPULAIRE PROVENCALE ET CORSE,CCBPFRPP
GLOBAL PETRO COMMERCIAL JOINT STOCK BANK,GBNKVNVX
"NOMURA SECURITIES CO., LTD.",NMRSJPJT
SOCIETE GENERALE PRIVATE BANKING (JAPAN) LTD.,SGTBJPJT
"UNITED BANK LIMITED, DOHA",UNILQAQA
ACUPAY SYSTEM LLC,ACPYUS33
"SHIGA BANK, LTD., THE",SIGAJPJT
QATARGAS OPERATING CO LTD,QAQGQAQA
"SHIKOKU BANK,LTD.,THE",SIKOJPJT
"BANCO ESPIRITO SANTO DE INVESTIMENTO, S.A.",ESSIUS3N
EGYPTIAN SAUDI FINANCE BANK,TAMSEGCA
"SUMITOMO TRUST AND BANKING COMPANY, LTD., THE",STBCJPJT
ASSOTSIATSIYA BANK,ASOJRU2N
CREDIT LYONNAIS,CRLYFRPP
CITIGROUP GLOBAL MARKETS JAPAN INC.,NSBLJPJT
CALYON,CAINVNVX
"BANK OF SAGA, LTD., THE",BKSGJPJT
COMMERCIAL BANK OF INDIA OOO,CODLRUMM
BANCO DO ESTADO DO RIO GRANDE DO SUL-MIAMI BRANCH,BRGSUS33
EGYPTION EMIRATIES BROKERAGE,EEBCEGCA
"RESONA BANK, LTD., TRUST DEP.",DIWAJPJA
EL OROUBA BROKERAGE FIRM,OROUEGCA
"TOHO BANK, LTD., THE",TOHOJPJT
HANOI BUILDING COMMERCIAL JOINT STOCK BANK,HBBHVNVN
INVESCO GESTION,INVZFRPP
ARAB BANK PLC ALGERIA,ARABDZAL
BANCO DO BRASIL S.A,BRASUS33
BANK SADERAT IRAN - PARIS BRANCH,BSIRFRPP
CENTRAL BANK OF EGYPT CAIRO,CBEGEGCA
FIA-BANK,FIAFRU3T
ALMAZERGIENBANK,ALMZRU8Y
EGYPTIAN GULF BANK,EGGBEGCA
PUBLICIS FINANCE SERVICES SA,PUBGFRPP
"FIRST COMMERCIAL BANK, LOS ANGELES BRANCH",FCBKUS66
EURO-VL,EUVLFRPP
AVERY DENNISON CORPORATION,AVERUS66
CPRPSNCF,CPRPFR22
"GALLIARD CAPITAL MANAGEMENT, INC",WFBIUS44
SAARLB FRANCE,SALAFR2M
BANQUE SAFRA,BSAFFRPP
FINANCIAL STANDARD CB OOO,COLDRUMM
"DAIWA NEXT BANK, LTD.",DNEXJPJT
SINOPIA ASSET MANAGEMENT,SAMFFRPP
"BANK OF CHINA, PARIS BRANCH",BKCHFRPP
NILEONE BROKERS,NIBOEGCA
"CHIBA BANK, LTD., THE",CHBAJPJT
"OSAKA CITY SHINKIN BANK, THE",OSACJPJS
