"company","ticker"
"The New York Times Company","NYT"
"Tidelands Bancshares Inc.","TDBK"
"Pall Corporation","PLL"
"SL Industries Inc.","SLI"
"Vail Resorts Inc.","MTN"
"Liberty Bancorp, Inc.","LBCP"
"Zoom Technologies, Inc.","ZOOM"
"Authentidate Holding Corp.","ADAT"
"Westell Technologies, Inc.","WSTL"
"Humana Inc.","hum"
"Heritage Financial Group, Inc.","HBOS"
"KLA-Tencor Corporation","KLAC"
"JDS Uniphase Corporation","JDSU"
"Cognex Corporation","CGNX"
"Ashland Inc.","ASH"
"Norwood Financial Corp.","NWFL"
"Avidbank Holdings, Inc.","AVBH"
"Titan Industries Ltd.","TITAN.BO"
"Robex Resources Inc.","RBX.V"
"Assurant Inc.","AIZ"
"Highpower International, Inc.","HPJ"
"Ubiquiti Networks, Inc.","UBNT"
"Quanta Services, Inc.","PWR"
"Owens-Illinois, Inc.","OI"
"Principal Financial Group Inc.","PFG"
"Builders FirstSource, Inc.","BLDR"
"Repros Therapeutics Inc.","RPRX"
"Almaden Minerals Ltd.","AAU"
"Almaden Minerals Ltd.","AMM.TO"
"Exa Corporation","EXA"
"Wyndham Worldwide Corporation","WYN"
"Kirkland Lake Gold Inc.","KGI.TO"
"Strayer Education Inc.","STRA"
"BSD Medical Corp.","BSDM"
"XOMA Ltd.","XOMA"
"Orexigen Therapeutics, Inc.","OREX"
"Aircastle Ltd.","AYR"
"BSQUARE Corp.","BSQR"
"Hollywood Media Corp.","HOLL"
"JPMorgan Chase & Co.","JPM"
"Valley Financial Corporation","VYFC"
"Malvern Federal Bancorp, Inc.","MLVF"
"New Jersey Community Bank","NJCB"
"KapStone Paper and Packaging C","KS"
"United States Steel Corp.","X"
"Pharmesis International Ltd.","P31.SI"
"Timken Co.","TKR"
"WidePoint Corp.","WYY"
"Immunomedics Inc.","IMMU"
"CollabRx, Inc.","CLRX"
"Bioanalytical Systems Inc.","BASI"
"Ambase Corp.","ABCP"
"Nuzee, Inc.","NUZE"
"CoreLogic, Inc.","CLGX"
"Dominion Resources, Inc.","D"
"Banco Santander-Chile","BSAC"
"Quiksilver Inc.","ZQK"
"Flotek Industries Inc.","FTK"
"BRF SA","BRFSN.MX"
"Sutron Corporation","STRN"
"Tandy Leather Factory, Inc.","TLF"
"Alexza Pharmaceuticals Inc.","ALXA"
"Informatica Corporation","INFA"
"Spectris plc","SXS.L"
"US Energy Corp.","USEG"
"Gold Fields Ltd.","GFI"
"Iowa First Bancshares Corp.","IOFB"
"Las Vegas Railway Express","XTRN"
"Kohl's Corp.","KSS"
"TrovaGene, Inc.","TROV"
"Diana Shipping Inc.","DSX"
"StarTek, Inc.","SRT"
"CU Bancorp","CUNB"
"Campbell Soup Company","CPB"
"INTL FCStone Inc.","INTL"
"Middlesex Water Co.","MSEX"
"Vodafone Group PLC","VOD.L"
"IMPAC Mortgage Holdings Inc.","IMH"
"Home Loan Financial Corp.","HLFN"
"Hewlett-Packard Company","HPQ"
"Capstone Therapeutics Corp.","CAPS"
"Five Below, Inc.","FIVE"
"Speedway Motorsports Inc.","TRK"
"hhgregg, Inc.","HGG"
"Enzo Biochem Inc.","ENZ"
"New Ulm Telecom Inc.","NULM"
"Pascack Bancorp, Inc.","PSBR"
"Shaftesbury plc","SHB.L"
"Ambassadors Group Inc.","EPAX"
"Qualys, Inc.","QLYS"
"Cyclacel Pharmaceuticals, Inc.","CYCC"
"ReachLocal, Inc.","RLOC"
"8X8 Inc.","EGHT"
"Hydrogenics Corporation","HYGS"
"Global Indemnity plc","GBLI"
"Frequency Electronics Inc.","FEIM"
"Page Industries Ltd.","PAGEIND.BO"
"Page Industries Ltd.","PAGEIND.NS"
"Pengrowth Energy Corporation","PGH"
"Delta Air Lines Inc.","DAL"
"Cabot Corporation","CBT"
"The Spectranetics Corporation","SPNC"
"Domino's Pizza, Inc.","DPZ"
"Quad/Graphics, Inc.","QUAD"
"Premier Brands Inc.","BRND"
"Stanley Furniture Co. Inc.","STLY"
"Zix Corporation","ZIXI"
"Hills Bancorp","HBIA"
"Ultrapar Holdings Inc.","UGP"
"Lihua International, Inc.","LIWA"
"J. C. Penney Company, Inc.","JCP"
"Gruma S.A.B. de CV","GMK"
"Heritage Oil Plc","HOIL.L"
"Energen Corp.","EGN"
"Bank of Montreal","BMO"
"TICC Capital Corp.","TICC"
"CBIZ, Inc.","CBZ"
"Titan Machinery, Inc.","TITN"
"Gamestop Corp.","GME"
"Abbott Laboratories","ABT"
"United Natural Foods, Inc.","UNFI"
"Weatherford International Ltd.","WFT"
"LifeLock, Inc.","LOCK"
"Shore Community Bank","SHRC"
"EDCI Holdings, Inc.","EDCI"
"Alimera Sciences, Inc.","ALIM"
"Ecolab Inc.","ECL"
"American Tower Corporation","AMT"
"Changyou.com Limited","CYOU"
"American Bonanza Gold Corp","BZA.TO"
"SandRidge Mississippian Trust","SDT"
"BAKER HUGHES INCORPORATED","BHI"
"AGNICO EAGLE MINES LTD.","AEM.TO"
"Olympic Steel Inc.","ZEUS"
"Optical Cable Corp.","OCC"
"NeurogesX, Inc.","NGSX"
"Rentrak Corporation","RENT"
"Regency Centers Corporation","REG"
"Blucora, Inc.","BCOR"
"Bosch Ltd.","BOSCHLTD.NS"
"Air T Inc.","AIRT"
"Xerox Corporation","XRX"
"First Robinson Financial Corp.","FRFC"
"LG Display Co., Ltd.","LPL"
"Lamar Advertising Co.","LAMR"
"Autodesk, Inc.","ADSK"
"Resources Connection Inc.","RECN"
"Banco Santander, S.A.","SAN"
"Imperial Oil Ltd.","IMO"
"Imperial Oil Ltd.","IMO.TO"
"Tree.Com, Inc.","TREE"
"Chesnara PLC","CSN.L"
"Microsoft Corporation","4338.HK"
"Microsoft Corporation","MSFT"
"Bloomin' Brands, Inc.","BLMN"
"Lorenzo International Ltd.","5IE.SI"
"MSB Financial Corp.","MSBF"
"Weyerhaeuser Co.","WY"
"Copart, Inc.","CPRT"
"Scott's Liquid Gold Inc.","SLGD"
"WesBanco Inc.","WSBC"
"Vascular Solutions Inc.","VASC"
"Cardica Inc.","CRDC"
"Investec plc","INVP.L"
"Vitesse Semiconductor Corp.","VTSS"
"Tenaris SA","TS.BA"
"Tenaris SA","TS.MX"
"Tenaris SA","TS"
"NWF Group PLC","NWF.L"
"Zoetis Inc.","ZTS"
"Modi Rubber Ltd.","MODIRUBB.BO"
"Kaman Corporation","KAMN"
"Sanderson Farms, Inc.","SAFM"
"CECO Environmental Corp.","CECE"
"Essar Oil Ltd.","ESSAROIL.NS"
"Timberland Bancorp, Inc.","TSBK"
"TTM Technologies Inc.","TTMI"
"China Auto Logistic Inc.","CALI"
"International Paper Company","IP"
"Firstgroup plc","FGP.L"
"Fibria Celulose SA","FBR"
"Fibria Celulose SA","FBRN.MX"
"Atlanta Gold Inc.","ATG.V"
"Augusta Resource Corp.","AZC"
"Monster Offers","MONT"
"SYNNEX Corp.","snx"
"TTK Prestige Ltd.","TTKPRESTI.NS"
"TTK Prestige Ltd.","TTKPRES.BO"
"SodaStream International Ltd.","SODA"
"Atmos Energy Corporation","ATO"
"RealD Inc.","RLD"
"Great Southern Bancorp Inc.","GSBC"
"Marshalls PLC","MSLH.L"
"Apricus Biosciences, Inc.","APRI"
"Nordion Inc.","NDZ"
"ZAGG Inc.","ZAGG"
"Cytokinetics, Incorporated","CYTK"
"EPAM Systems, Inc.","EPAM"
"Life Partners Holdings, Inc.","LPHI"
"OceanFirst Financial Corp.","OCFC"
"Receptos, Inc.","RCPT"
"ExamWorks Group, Inc.","EXAM"
"Exelon Corporation","EXC"
"Digi International Inc.","DGII"
"Rio Novo Gold Inc.","RN.TO"
"Avocet Mining PLC","AVM.L"
"The Hershey Company","HSY"
"Murphy Oil Corporation","MUR"
"Tidelands Royalty Trust B","TIRTZ"
"Tessera Technologies Inc.","TSRA"
"Imprimis Pharmaceuticals, Inc.","IMMY"
"Legal & General Group Plc","LGEN.L"
"IsoRay, Inc.","ISR"
"Dr. Reddy's Laboratories Ltd.","RDY"
"Hansard Global PLC","HSD.L"
"Citizens & Northern Corp.","CZNC"
"Acacia Research Corporation","ACTG"
"Targa Resources Partners Lp","NGLS"
"Albany International Corp.","AIN"
"Amerityre Corp.","AMTY"
"RED MOUNTAIN RESOURCES, INC.","RDMP"
"Quality Distribution Inc.","QLTY"
"BIOLASE, Inc.","BIOL"
"Headwaters Incorporated","HW"
"Vertex Energy, Inc.","VTNR"
"CIRCOR International, Inc.","CIR"
"RF Micro Devices Inc.","RFMD"
"Nomura Holdings, Inc.","NMR"
"Flexsteel Industries Inc.","FLXS"
"CTC Media, Inc","CTCM"
"Advent Software, Inc.","ADVS"
"Techne Corp.","TECH"
"MWI Veterinary Supply, Inc.","MWIV"
"TherapeuticsMD, Inc.","TXMD"
"Hooper Holmes Inc.","HH"
"Commercial Bancshares, Inc.","CMOH"
"Cosan Ltd.","CZZ"
"Questcor Pharmaceuticals, Inc.","QCOR"
"Apple Inc.","AAPL.MX"
"Apple Inc.","AAPL"
"Renewable Energy Group, Inc.","REGI"
"AxoGen, Inc.","AXGN"
"Avalon Holdings Corp.","AWX"
"Movado Group, Inc.","MOV"
"Gran Tierra Energy, Inc.","GTE"
"Ascot Resources Ltd.","AOT.V"
"Capita plc","CPI.L"
"Cosco Pacific Ltd.","1199.HK"
"Biodel Inc.","BIOD"
"National Security Group Inc.","NSEC"
"NTN Buzztime Inc.","NTN"
"MGE Energy Inc.","MGEE"
"Geodesic Ltd.","GEODLTD.BO"
"Biota Pharmaceuticals, Inc.","BOTA"
"Invesco Ltd.","IVZ"
"WSFS Financial Corp.","WSFS"
"Adams Resources & Energy Inc.","AE"
"Cepheid","CPHD"
"China Green Agriculture, Inc.","CGA"
"East West Bancorp, Inc.","EWBC"
"Rouse Properties, Inc.","RSE"
"Claude Resources Inc.","CRJ.TO"
"Southwest Bancorp Inc.","OKSB"
"Safeway Inc.","SWY"
"Wave Systems Corp.","WAVX"
"Virtusa Corp.","VRTU"
"Joy Global, Inc.","JOY"
"Maydao Corp","MYDO"
"Time Warner Inc.","TWX.MX"
"Time Warner Inc.","TWX"
"Park Electrochemical Corp.","PKE"
"Proofpoint, Inc.","PFPT"
"CompX International Inc.","CIX"
"Tile Shop Holdings, Inc.","TTS"
"United-Guardian Inc.","UG"
"Johnson Controls Inc.","JCI"
"Atlanta Ltd.","ATLANTA.BO"
"Willis Lease Finance Corp.","WLFC"
"Kennametal Inc.","KMT"
"DineEquity, Inc.","DIN"
"AB SCIENCE","AB.PA"
"Hampden Bancorp, Inc.","HBNK"
"Great Portland Estates plc","GPOR.L"
"Arena Pharmaceuticals, Inc.","ARNA"
"First Potomac Realty Trust","FPO"
"The Medicines Company","MDCO"
"Hu An Cable Holdings Ltd.","KI3.SI"
"Invesco Mortgage Capital Inc.","IVR"
"Bristol-Myers Squibb Company","BMY"
"Grupo Televisa, S.A.B.","TV"
"SI Financial Group Inc.","SIFI"
"Mitcham Industries Inc.","MIND"
"Shutterfly, Inc.","SFLY"
"Celadon Group Inc.","CGI"
"Ligand Pharmaceuticals Inc.","LGND"
"STAAR Surgical Company","STAA"
"Entergy Corporation","etr"
"MIT Holding, Inc.","MITD"
"Sempra Energy","SRE"
"Filtronic PLC","FTC.L"
"Kingtone Wirelessinfo Solution","KONE"
"Saigon National Bank","SAGN"
"Expedia Inc.","EXPE"
"Access Pharmaceuticals Inc.","ACCP"
"Chicago Rivet & Machine Co.","CVR"
"Dialogic, Inc.","DLGC"
"Advantage Oil & Gas Ltd.","AAV"
"Advantage Oil & Gas Ltd.","AAV.TO"
"TEAM, Inc.","TISI"
"Salisbury Bancorp Inc.","SAL"
"Polaris Industries, Inc.","PII"
"Hospira Inc.","HSP"
"Diagnocure Inc.","CUR.TO"
"Pfizer Inc.","PFE"
"Pfizer Inc.","PFE.MX"
"Avalonbay Communities Inc.","AVB"
"Explore Anywhere Holding Corp.","EAHC"
"Premier Ltd.","PREMIER.BO"
"Chiquita Brands International","CQB"
"Manitou BF","MTU.PA"
"j2 Global, Inc.","JCOM"
"Phoenix Solar AG","PS4.DE"
"Applied Materials, Inc.","AMAT"
"Spire Corp.","SPIR"
"Alleghany Corporation","Y"
"Century Aluminum Co.","CENX"
"NuVasive, Inc.","NUVA"
"Tabcorp Holdings Ltd.","TAH.AX"
"Fresenius SE & Co KGaA","FRE.DE"
"HMN Financial Inc.","HMNF"
"The York Water Company","YORW"
"Sovran Self Storage Inc.","SSS"
"Newport Corp.","NEWP"
"The Procter & Gamble Company","PG"
"Sterling Construction Co. Inc.","STRL"
"RPC Group plc","RPC.L"
"EOG Resources, Inc.","EOG"
"Bonanza Creek Energy, Inc.","BCEI"
"Guidewire Software, Inc.","GWRE"
"Foundation Bancorp, Inc.","FDNB"
"Castle Brands Inc.","ROX"
"Matson, Inc.","MATX"
"Ford Motor Co.","F"
"Vector Group Ltd.","VGR"
"Ecosphere Technologies, Inc.","ESPH"
"Gafisa S.A.","GFA"
"MBT Financial Corp.","MBTF"
"Elizabeth Arden, Inc.","RDEN"
"Agenus Inc.","AGEN"
"MRF Ltd.","MRF.BO"
"Beazer Homes USA Inc.","BZH"
"Weingarten Realty Investors","WRI"
"Unit Corporation","UNT"
"Pain Therapeutics Inc.","PTIE"
"Encana Corporation","ECA"
"VizConnect, Inc.","VIZC"
"Intrepid Potash, Inc.","IPI"
"Premier Farnell plc","PFL.L"
"Cabot Oil & Gas Corporation","COG"
"Urban Outfitters Inc.","URBN"
"Arbor Realty Trust Inc.","ABR"
"Wesco Aircraft Holdings, Inc.","WAIR"
"Ocwen Financial Corp.","OCN"
"Winnebago Industries, Inc.","WGO"
"Lumos Networks Corp.","LMOS"
"Cipla Ltd.","CIPLA.NS"
"AU Optronics Corp.","AUO"
"Chimera Investment Corporation","CIM"
"LPL Financial Holdings Inc.","LPLA"
"Trina Solar Limited","TSL"
"Cal-Maine Foods, Inc.","CALM"
"TiGenix NV","TIG.BR"
"Tix Corporation","TIXC"
"Poage Bankshares, Inc.","PBSK"
"Telestone Technologies Corp.","TSTC"
"Unico American Corp.","UNAM"
"Dataram Corporation","DRAM"
"NORTHEAST BANCORP","NBN"
"Baytex Energy Corp.","BTE"
"DCC PLC","DCC.L"
"Sun Hydraulics Corp.","SNHY"
"LSB Financial Corp.","LSBI"
"Spectrum Brands Holdings, Inc.","SPB"
"Experian plc","EXPN.L"
"Mattress Firm Holding Corp.","MFRM"
"Bristow Group, Inc.","BRS"
"R H Energy Ltd.","CL7.SI"
"CEVA Inc.","CEVA"
"WABCO Holdings Inc.","WBC"
"Landmark Bancorp Inc.","LARK"
"Bally Technologies, Inc.","BYI"
"SGOCO Group, Ltd.","SGOC"
"Alexander's Inc.","ALX"
"GenMark Diagnostics, Inc.","GNMK"
"Polycom, Inc.","PLCM"
"Bank of Georgia Holdings PLC","BGEO.L"
"Willbros Group Inc.","WG"
"Actuate Corporation","BIRT"
"Vicon Industries Inc.","VII"
"MEI Pharma, Inc.","MEIP"
"National Oilwell Varco, Inc.","NOV"
"Amira Nature Foods Ltd.","ANFI"
"Accuray Incorporated","ARAY"
"American Software, Inc.","AMSWA"
"888 Holdings PLC","888.L"
"Affymetrix Inc.","AFFX"
"Intercontinental Hotels Group","IHG"
"Community West Bancshares","CWBC"
"Crane Co.","CR"
"Vornado Realty Trust","VNO"
"Inventure Foods, Inc.","SNAK"
"Ferrellgas Partners LP","FGP"
"Teleflex Incorporated","TFX"
"Hemisphere Media Group, Inc.","HMTV"
"Anchor Bancorp","ANCB"
"Corridor Resources Inc.","CDH.TO"
"Bajaj Hindusthan Ltd.","BAJAJHIND.NS"
"Acadia Realty Trust","AKR"
"Everest Re Group Ltd.","RE"
"Durata Therapeutics, Inc.","DRTX"
"Bank of Commerce","BONC"
"Trustmark Corporation","TRMK"
"Pan Pacific Bank","PPFC"
"EnteroMedics Inc.","ETRM"
"Global Sources Ltd.","GSOL"
"UCO BANK","UCO.BO"
"Blue Gem Enterprise","BGEM"
"Orbitz Worldwide, Inc.","OWW"
"Acsm-Agam SPA","ACS.MI"
"GSI Technology Inc.","GSIT"
"CIT Group Inc.","CIT"
"BTG plc","BGC.L"
"Loews Corporation","L"
"Alcatel-Lucent","ALU.PA"
"The Cato Corporation","CATO"
"Reliv International, Inc.","RELV"
"DIVERSICARE HEALTHCARE SERVICE","DVCR"
"Gordmans Stores, Inc.","GMAN"
"Teekay LNG Partners LP.","TGP"
"Popular, Inc.","BPOP"
"Westfield Retail Trust","WRT.AX"
"UQM Technologies Inc.","UQM"
"FEI Company","FEIC"
"Phillips 66","PSX"
"MB Financial Inc.","MBFI"
"Acotel Group","ACO.MI"
"Universal Detection Technology","UNDT"
"Handy & Harman Ltd.","HNH"
"Cheniere Energy, Inc.","LNG"
"Starbucks Corporation","SBUX"
"Starbucks Corporation","4337.HK"
"Samson Oil & Gas Limited","SSN"
"Blackbaud Inc.","BLKB"
"First Security Group, Inc.","FSGI"
"Reed Elsevier Nv","ENL"
"PrivateBancorp, Inc.","PVTB"
"Omniamerican Bancorp, Inc.","OABC"
"YOU On Demand Holdings, Inc.","YOD"
"MFA Financial, Inc.","MFA"
"Gentherm Incorporated","THRM"
"Aeffe","AEF.MI"
"UTStarcom Holdings Corp.","UTSI"
"Oaktree Capital Group, LLC","OAK"
"United Security Bancshares Inc.","USBI"
"Lifevantage Corporation","LFVN"
"Student Transportation, Inc.","STB"
"Stratus Properties Inc.","STRS"
"Silicom Ltd.","SILC"
"Copa Holdings SA","CPA"
"Fiserv, Inc.","FISV"
"Heico Corporation","HEI"
"NPS Pharmaceuticals, Inc.","NPSP"
"Generex Biotechnology Corp.","GNBT"
"Pyramid Oil Company","PDO"
"Brookdale Senior Living Inc.","BKD"
"Merit Medical Systems, Inc.","MMSI"
"Lyondellbasell Industries Nv","LYB"
"CVB Financial Corp.","CVBF"
"ViaSat Inc.","VSAT"
"Crown Holdings Inc.","CCK"
"REEDS, Inc.","REED"
"Astoria Financial Corporation","AF"
"Oragenics Inc.","OGEN"
"Stifel Financial Corp.","SF"
"ADM Tronics Unlimited Inc.","ADMT"
"Ballston Spa Bancorp, Inc.","BSPA"
"Acea","ACE.MI"
"Wolverine Bancorp, Inc.","WBKC"
"Body Central Corp.","BODY"
"Sun Bancorp Inc.","SNBC"
"Halozyme Therapeutics, Inc.","HALO"
"Exide Industries Ltd.","EXIDEIND.NS"
"Exide Industries Ltd.","EXIDEIND.BO"
"Susser Petroleum Partners LP","SUSP"
"BROOKFIELD INFRASTRUCTURE PART","BIP"
"The Boeing Company","BA"
"PharMerica Corporation","PMC"
"New Energy Systems Group","NEWN"
"MarketAxess Holdings Inc.","MKTX"
"First Capital Bancorp, Inc.","FCVA"
"Innsuites Hospitality Trust","IHT"
"Patrick Industries Inc.","PATK"
"Bill Barrett Corp.","BBG"
"California Bank of Commerce","CABC"
"Educomp Solutions Ltd.","EDUCOMP.BO"
"Impax Laboratories Inc.","IPXL"
"Fortegra Financial Corporation","FRF"
"Noble Corp.","NE"
"WEX Inc.","WEX"
"TeleNav, Inc.","TNAV"
"Rocky Brands, Inc.","RCKY"
"Porvair plc","PRV.L"
"eLong Inc.","LONG"
"MBAC Fertilizer Corp","MBC.TO"
"World Acceptance Corp.","WRLD"
"Telef","TEF"
"Bed Bath & Beyond Inc.","BBBY.MX"
"Bed Bath & Beyond Inc.","BBBY"
"Founders Bancorp","FBCP"
"Ngl Energy Partners Lp","NGL"
"Janus Capital Group, Inc.","JNS"
"Pinnacle Entertainment Inc.","PNK"
"NuStar GP Holdings, LLC","NSH"
"Ducommun Inc.","DCO"
"Hyperdynamics Corporation","HDY"
"DCT Industrial Trust Inc.","DCT"
"CKX Lands Inc.","CKX"
"Legacy Reserves Lp","LGCY"
"Grupo Elektra SA de CV","ELEKTRA.MX"
"Integrated Electrical Services","IESC"
"Innophos Holdings Inc.","IPHS"
"Princeton National Bancorp Inc.","PNBC"
"Rex Energy Corporation","REXX"
"Skywest Inc.","SKYW"
"Swift Transportation Company","SWFT"
"Nathan's Famous Inc.","NATH"
"CalciTech Ltd.","CLKTF"
"Stoneridge Inc.","SRI"
"Infinity Property and Casualty","IPCC"
"Union Pacific Corporation","UNP"
"ABM Resources NL","ABU.AX"
"KT Corp.","KT"
"Celsius Holdings, Inc.","CELH"
"Top Image Systems Ltd.","TISA"
"Orthofix International N.V.","OFIX"
"Westbury Bancorp, Inc.","WBB"
"SeaWorld Entertainment, Inc.","SEAS"
"DDR Corp.","DDR"
"Ifm Investments Limited","CTC"
"Callidus Software Inc.","CALD"
"Qualstar Corp.","QBAK"
"Symmetry Medical, Inc.","SMA"
"Sequans Communications S.A.","SQNS"
"Pointer Telocation Ltd.","PNTR"
"Trade Street Residential, Inc.","TSRE"
"Whiting Petroleum Corp.","WLL"
"Allied Nevada Gold Corp.","ANV"
"Community Business Bank","CBBC"
"RINO INTERNATIONAL CORPORATION","RINO"
"Quantum Corporation","QTM"
"The Clorox Company","CLX"
"BG Medicine, Inc.","BGMD"
"Radcom Ltd.","RDCM"
"Columbia Banking System Inc.","COLB"
"Hugoton Royalty Trust","HGT"
"Anixter International Inc.","AXE"
"Penn National Gaming Inc.","PENN"
"Gaming Partners International","GPIC"
"Mueller Water Products, Inc.","MWA"
"Lexington Realty Trust","LXP"
"Amicus Therapeutics, Inc.","FOLD"
"Euronet Worldwide Inc.","EEFT"
"LCNB Corp.","LCNB"
"Isle of Capri Casinos, Inc.","ISLE"
"Horizon Bancorp","HBNC"
"CEMEX, S.A.B. de C.V.","CX"
"Juniata Valley Financial Corp.","JUVF"
"ECA Marcellus Trust I","ECT"
"BioMarin Pharmaceutical Inc.","BMRN"
"Cbeyond, Inc.","CBEY"
"Union Bankshares Corporation","UBSH"
"Zhone Technologies Inc.","ZHNE"
"China Life Insurance Co. Ltd.","LFC"
"Grupo Simec S.A.B. de C.V.","SIM"
"Myriad Genetics Inc.","MYGN"
"Domino Printing Sciences plc","DNO.L"
"Landauer Inc.","LDR"
"Insignia Systems Inc.","ISIG"
"BBCN Bancorp, Inc.","BBCN"
"Celsion Corp.","CLSN"
"Pioneer Natural Resources Co.","PXD"
"Primerica, Inc.","PRI"
"Riba Textiles Ltd.","RIBATEX.BO"
"Dundee Precious Metals Inc.","DPM.TO"
"CIBER, Inc.","CBR"
"CHAMBERS STREET PROPERTIES","CSG"
"VirnetX Holding Corp","VHC"
"Perfumania Holdings, Inc.","PERF"
"Emerson Electric Co.","EMR"
"Senomyx Inc.","SNMX"
"Ku6 Media Co., Ltd.","KUTV"
"DaVita HealthCare Partners Inc.","DVA"
"Atlas Energy, L.P","ATLS"
"China Yida Holding, Co.","CNYD"
"Waterstone Financial, Inc.","WSBF"
"CPI Aerostructures Inc.","CVU"
"Payment Data Systems Inc.","PYDS"
"Diebold, Incorporated","DBD"
"Ultralife Corp.","ULBI"
"PriceSmart Inc.","PSMT"
"Internet Patents Corporation","PTNT"
"RCM Technologies Inc.","RCMT"
"Eaton Corporation plc","ETN"
"Meritage Homes Corporation","MTH"
"Cohu, Inc.","COHU"
"Emulex Corporation","ELX"
"Mast Therapeutics, Inc.","MSTX"
"Vertical Computer Systems Inc.","VCSY"
"Marvell Technology Group Ltd.","MRVL"
"HomeAway, Inc.","AWAY"
"Lloyds Banking Group PLC","LLOY.L"
"Emerson Radio Corp.","MSN"
"Watsco Inc.","WSO"
"Gold Standard Ventures Corp","GSV"
"Teledyne Technologies Inc.","TDY"
"F.N.B. Corporation","FNB"
"Akorn, Inc.","AKRX"
"InspireMD, Inc.","NSPR"
"Multi-Color Corp.","LABL"
"Blyth, Inc.","BTH"
"FMC Technologies, Inc.","FTI"
"Miller Energy Resources, Inc.","MILL"
"Flamel Technologies SA","FLML"
"dELiA*s, Inc.","DLIA"
"Kohlberg Kravis Roberts & Co.","KKR"
"Westwood Holdings Group Inc.","WHG"
"PerkinElmer Inc.","PKI"
"Sonic Automotive Inc.","SAH"
"Dart Mining NL","DTM.AX"
"Pure Cycle Corporation","PCYO"
"Green Dot Corporation","GDOT"
"Apache Corp.","APA"
"American Equity Investment Lif","AEL"
"Edwards Lifesciences Corp.","EW"
"TGC Industries Inc.","TGE"
"DTS Inc.","DTSI"
"Syngenta Ag","SYT"
"Yum! Brands, Inc.","YUM"
"Henry Schein, Inc.","HSIC"
"AFLAC Inc.","AFL"
"Stewart Information Services C","STC"
"Stewardship Financial Corp.","SSFN"
"Unigold Inc.","UGD.V"
"China Finance Online Co., Ltd.","JRJC"
"Valhi, Inc.","VHI"
"Deere & Company","DE"
"TigerLogic Corporation","TIGR"
"Clayton Williams Energy, Inc.","CWEI"
"Oak Valley Bancorp","OVLY"
"Anika Therapeutics Inc.","ANIK"
"Pool Corp.","POOL"
"DragonWave Inc.","DRWI"
"Kilroy Realty Corp.","KRC"
"Permian Basin Royalty Trust","PBT"
"Lucas Energy, Inc.","LEI"
"Owens Corning","OC"
"TORONTO-DOMINION BANK","TD.TO"
"Fly Leasing Limited","FLY"
"Rock-Tenn Company","RKT"
"Lumos Networks Corp","LMOS"
"Prologis, Inc.","PLD"
"Drinks Americas Holdings, Ltd.","DKAM"
"Chembio Diagnostics, Inc.","CEMI"
"Rli Corp.","RLI"
"Compressco Partners, L.P.","GSJK"
"Moody's Corporation","MCO"
"THE EASTERN COMPANY","EML"
"BCE, Inc.","BCE"
"Tower International, Inc.","TOWR"
"Vp plc","VP.L"
"China Telecom Corp. Ltd.","CHA"
"Venaxis, Inc.","APPY"
"Las Vegas Sands Corp.","LVS"
"Commerzbank AG","CBK.DE"
"Agilysys Inc.","AGYS"
"Syneron Medical Ltd.","ELOS"
"Baxter International Inc.","BAX"
"Hormel Foods Corporation","HRL"
"MGC Diagnostics Corporation","MGCD"
"FIFTH THIRD BANCORP","FITB"
"Cimatron Ltd.","CIMT"
"Ballard Power Systems Inc.","BLDP"
"Infineon Technologies AG","IFX.DE"
"Atlantia","ATL.MI"
"Pluristem Therapeutics, Inc.","PSTI"
"Exlservice Holdings, Inc.","EXLS"
"Banco Macro S.A.","BMA"
"New Concept Energy, Inc.","GBR"
"Twin Disc, Incorporated","TWIN"
"Super Micro Computer, Inc.","SMCI"
"The Allstate Corporation","ALL"
"Tenneco Inc.","TEN"
"US Physical Therapy Inc.","USPH"
"Old Dominion Freight Line Inc.","ODFL"
"Knightsbridge Tankers Limited","VLCCF"
"Synergetics USA, Inc.","SURG"
"Chipotle Mexican Grill, Inc.","CMG"
"Enanta Pharmaceuticals, Inc.","ENTA"
"Hercules Offshore, Inc.","HERO"
"Danaher Corp.","DHR"
"eHealth, Inc.","EHTH"
"Ellington Financial LLC","EFC"
"Taylor Devices Inc.","TAYD"
"Ocean Shore Holding Co.","OSHC"
"Diageo plc","DGE.L"
"Diageo plc","DGE.PA"
"Friendly Hills Bank","FHLB"
"Korea Electric Power Corp.","KEP"
"Toro Co.","TTC"
"Abercrombie & Fitch Co.","ANF"
"Colony Financial, Inc.","CLNY"
"Woodward, Inc.","WWD"
"Ventrus Biosciences Inc.","VTUS"
"Dollar General Corporation","DG"
"Delphi Automotive Plc","DLPH"
"Petronet LNG Ltd.","PETRONET.BO"
"Harbinger Group Inc.","HRG"
"The Female Health Company","FHCO"
"Black Hills Corporation","BKH"
"IRIDEX Corporation","IRIX"
"IMI plc","IMI.L"
"Zebra Technologies Corp.","ZBRA"
"FreeSeas Inc.","FREE"
"Morgans Hotel Group Co.","MHGC"
"Skyline Corp.","SKY"
"VOXX International Corporation","VOXX"
"CareFusion Corporation","CFN"
"Sandy Spring Bancorp Inc.","SASR"
"Nikki Global Finance Ltd.","NIKKIGL.BO"
"Fastenal Company","FAST"
"Silver Bay Realty Trust Corp.","SBY"
"North Valley Bancorp","NOVB"
"Bank of Commerce Holdings","BOCH"
"NQ Mobile Inc.","NQ"
"Lagardere Groupe SCA","MMB.PA"
"mPhase Technologies, Inc.","XDSL"
"Carolina Trust Bank","CART"
"Farmers National Banc Corp.","FMNB"
"Dish TV India Ltd.","DISHTV.BO"
"Hutchinson Technology Inc.","HTCH"
"Eni SpA","E"
"Hudson Global, Inc","HSON"
"Usana Health Sciences Inc.","USNA"
"1st Enterprise Bank","FENB"
"J&J Snack Foods Corp.","JJSF"
"Flowserve Corp.","FLS"
"Target Corp.","TGT"
"PostRock Energy Corporation","PSTR"
"TechTarget, Inc.","TTGT"
"Illumina Inc.","ILMN"
"Fairway Group Holdings Corp.","FWM"
"Ihs Inc.","IHS"
"Dendreon Corp.","DNDN"
"Bharat Heavy Electricals Ltd.","BHEL.NS"
"ProPhase Labs, Inc.","PRPH"
"Guidance Software, Inc.","GUID"
"Sun Communities Inc.","SUI"
"Churchill Downs Inc.","CHDN"
"Mindax Ltd.","MDX.AX"
"Republic First Bancorp Inc.","FRBK"
"Omega Protein Corporation","OME"
"International Game Technology","IGT"
"Theravance Inc.","THRX"
"Oxigene Inc.","OXGN"
"Regions Financial Corporation","RF"
"KVH Industries Inc.","KVHI"
"New York Community Bancorp Inc.","NYCB"
"Cellcom Israel Ltd.","CEL"
"Hammerson plc","HMSO.L"
"NB&T Financial Group Inc.","NBTF"
"CVC Ltd.","CVC.AX"
"World Fuel Services Corp.","int"
"Unity Bancorp Inc.","UNTY"
"FNB Bancorp","FNBG"
"McGraw Hill Financial, Inc.","MHFI"
"The Kroger Co.","KR"
"Ames National Corporation","ATLO"
"Marin Software Incorporated","MRIN"
"H&E Equipment Services Inc.","HEES"
"EverBank Financial Corp.","EVER"
"Ceragon Networks Ltd.","CRNT"
"Valero Energy Corporation","VLO"
"Perfect World Co., Ltd.","PWRD"
"EveryWare Global, Inc.","EVRY"
"Hanger, Inc.","HGR"
"Pampa Energia SA","PAM"
"Manchester United plc","MANU"
"Splunk, Inc.","SPLK"
"CubeSmart","CUBE"
"Cross Country Healthcare, Inc.","CCRN"
"LRR Energy, L.P.","LRE"
"HeidelbergCement AG","HEI.DE"
"Shaw Communications, Inc.","SJR"
"Alcatel-Lucent, S.A.","ALU"
"Rand Logistics, Inc.","RLOG"
"Kewaunee Scientific Corp.","KEQU"
"Bank Mutual Corporation","BKMU"
"Berkshire Hills Bancorp Inc.","BHLB"
"The Babcock & Wilcox Company","BWC"
"Manhattan Bancorp","MNHN"
"Sunoco Logistics Partners L.P.","SXL"
"Hemispherx Biopharma, Inc.","HEB"
"Ruckus Wireless, Inc.","RKUS"
"Auxilio Inc.","AUXO"
"National Beverage Corp.","FIZZ"
"Altria Group Inc.","MO"
"ALCO Stores, Inc.","ALCS"
"MediciNova Inc.","MNOV"
"IDEXX Laboratories, Inc.","IDXX"
"Fauquier Bankshares Inc.","FBSS"
"VMware, Inc.","VMW"
"Sotherly Hotels Inc.","SOHO"
"The Western Union Company","WU"
"Infosonics Corp.","IFON"
"National CineMedia, Inc.","NCMI"
"STATE BANK OF INDIA","SBI.BO"
"Mikros Systems Corp.","MKRS"
"Cyanotech Corp.","CYAN"
"Mellanox Technologies, Ltd.","MLNX"
"The J. M. Smucker Company","SJM"
"Universal Health Services Inc.","UHS"
"Gencor Industries Inc.","GENC"
"MaxLinear, Inc.","MXL"
"STMicroelectronics NV","STM.PA"
"STMicroelectronics NV","STM"
"Omnicom Group Inc.","OMC"
"Unilever Nv","UN"
"Service Corporation Internatio","SCI"
"Amplifon","AMP.MI"
"Terreno Realty Corp.","TRNO"
"BG Group plc","BG.L"
"Corinthian Colleges Inc.","COCO"
"Nestle India Ltd.","NESTLE.BO"
"Donaldson Company, Inc.","DCI"
"Attunity, Ltd.","ATTU"
"Coherent Inc.","COHR"
"The Hain Celestial Group, Inc.","HAIN"
"Neonode, Inc.","NEON"
"Unisys Corporation","UIS"
"Mutualfirst Financial Inc.","MFSF"
"WSI Industries Inc.","WSCI"
"RWE AG","RWE.DE"
"Viad Corp","VVI"
"L'Oreal SA","OR.PA"
"TALISMAN ENERGY INC.","TLM.TO"
"Commercial Vehicle Group Inc.","CVGI"
"Array BioPharma, Inc.","ARRY"
"Key Technology, Inc.","KTEC"
"Navios Maritime Holdings Inc.","NM"
"The First Bancorp, Inc.","FNLC"
"Plaza Bank","PLZB"
"Plaza Bank","PZBW"
"Preformed Line Products Compan","PLPC"
"Shanks Group PLC","SKS.L"
"Infoblox Inc.","BLOX"
"NeoMedia Technologies Inc.","NEOM"
"CSS Industries Inc.","CSS"
"Home Properties Inc.","HME"
"Verastem, Inc.","VSTM"
"CorMedix, Inc.","CRMD"
"ENGlobal Corp.","ENG"
"Guess' Inc.","GES"
"Pinnacle Bank","PBNK"
"Hertz Global Holdings, Inc.","HTZ"
"CorVel Corporation","CRVL"
"Sierra Vista Bank","SVBA"
"Flanigan's Enterprises Inc.","BDL"
"Dynatronics Corp.","DYNT"
"Clasquin SA","ALCLA.PA"
"Daegis Inc.","DAEG"
"Synalloy Corporation","SYNL"
"Jaiprakash Associates Ltd.","JPASSOCIA.NS"
"Jaiprakash Associates Ltd.","JAIPRA.BO"
"Stonegate Bank","SGBK"
"VALIDUS HOLDINGS, LTD.","VR"
"Rockwell Collins Inc.","COL"
"New Resource Bank","NWBN"
"Thermo Fisher Scientific, Inc.","TMO"
"Cognizant Technology Solutions","CTSH"
"Chunghwa Telecom Co., Ltd.","CHT"
"Associated Banc-Corp","ASBC"
"Gazit-Globe, Ltd.","GZT"
"Enbridge Energy Partners, L.P.","EEP"
"Globalstar Inc.","GSAT"
"SPS Commerce, Inc.","SPSC"
"DS Healthcare Group, Inc.","DSKX"
"Whitbread PLC","WTB.L"
"Haemonetics Corporation","HAE"
"Uni-Pixel, Inc.","UNXL"
"Moneysupermarket.com Group PLC","MONY.L"
"Vina Concha y Toro S.A.","VCO"
"Elmira Savings Bank","ESBK"
"AngioDynamics Inc.","ANGO"
"Entegris, Inc.","ENTG"
"Cairn Energy plc","CNE.L"
"Swift Energy Co.","SFY"
"Cigna Corp.","CI"
"Yoma Strategic Holdings Ltd.","Z59.SI"
"Sjw Corp.","SJW"
"Marinemax Inc.","HZO"
"Mobile Mini, Inc.","MINI"
"Rockwell Medical, Inc.","RMTI"
"Norfolk Southern Corporation","NSC"
"IDEX Corporation","IEX"
"LMI Aerospace Inc.","LMIA"
"Sap AG","SAP"
"Phoenix Group Holdings","PHNX.L"
"Progressive Care, Inc.","RXMD"
"Patterson Companies, Inc.","PDCO"
"NATIONAL BANK OF CANADA","NA.TO"
"SUPERVALU Inc.","SVU"
"Ally Financial Inc.","ALLY"
"Manitex International, Inc.","MNTX"
"Midsouth Bancorp Inc.","MSL"
"McDonald's Corp.","MCD"
"Kraft Foods Group, Inc.","KRFT"
"Dawson Geophysical Company","DWSN"
"Raven Industries Inc.","RAVN"
"Medefile International, Inc.","MDFI"
"Alhambra Resources Ltd.","ALH.V"
"Siemens Ltd.","SIEMENS.NS"
"Siemens Ltd.","SIEMENS.BO"
"Diploma PLC","DPLM.L"
"Resolute Energy Corporation","REN"
"Colgate-Palmolive Co.","CL"
"Leucadia National Corporation","LUK"
"KNOT Offshore Partners LP","KNOP"
"Voltari Corporation","VLTC"
"Tofutti Brands Inc.","TOF"
"Oconee Federal Financial Corp.","OFED"
"North State Bancorp","NSBC"
"QUALCOMM Incorporated","QCOM"
"Mitchells & Butlers plc","MAB.L"
"CYIOS Corp.","CYIO"
"Vectren Corporation","VVC"
"DXP Enterprises, Inc.","DXPE"
"Xerium Technologies Inc.","XRM"
"Colfax Corporation","CFX"
"SunPower Corporation","SPWR"
"Progress Software Corporation","PRGS"
"CITIC Pacific Ltd.","0267.HK"
"eCareer Holdings, Inc.","ECHI"
"Abraxas Petroleum Corp.","AXAS"
"Prestige Brands Holdings, Inc.","PBH"
"USMD Holdings, Inc.","USMD"
"Eaton Vance Corp.","EV"
"Goodrich Petroleum Corp.","GDP"
"Maiden Holdings, Ltd.","MHLD"
"Clarcor Inc.","CLC"
"Nexans","NEX.PA"
"Eagle Materials Inc.","EXP"
"Schmitt Industries, Inc.","SMIT"
"Alphatec Holdings, Inc.","ATEC"
"Ocean Rig UDW Inc.","ORIG"
"German American Bancorp Inc.","GABC"
"Nxstage Medical, Inc.","NXTM"
"SemGroup Corporation","SEMG"
"Alon Blue Square Israel Ltd.","BSI"
"Hardinge Inc.","HDNG"
"Brightcove, Inc.","BCOV"
"Badger Meter Inc.","BMI"
"Dice Holdings, Inc.","DHX"
"Spirit Realty Capital, Inc.","SRC"
"Primo Water Corporation","PRMW"
"Coast Bancorp","CTBP"
"OFG Bancorp","OFG"
"Atna Resources Ltd.","ATN.TO"
"ICG Group, Inc.","ICGE"
"Qiagen NV","QGEN"
"Headlam Group PLC","HEAD.L"
"Accuride Corp.","ACW"
"Intuitive Surgical, Inc.","ISRG"
"PDF Solutions Inc.","PDFS"
"PCM, Inc.","PCMI"
"TSR Inc.","TSRI"
"Luminex Corporation","LMNX"
"Image Sensing Systems, Inc.","ISNS"
"Wellesley Bancorp, Inc.","WEBK"
"TESSCO Technologies Inc.","TESS"
"USA Technologies Inc.","USAT"
"CIFC Corp.","CIFC"
"Anthera Pharmaceuticals, Inc.","ANTH"
"The ExOne Company","XONE"
"Northstar Realty Finance Corp.","NRF"
"Avanir Pharmaceuticals, Inc.","AVNR"
"Gresham Computing PLC","GHT.L"
"Ambarella, Inc.","AMBA"
"Rand Capital Corporation","RAND"
"Acorn International, Inc.","ATV"
"Clean Diesel Technologies Inc.","CDTI"
"LRAD Corporation","LRAD"
"Albany Molecular Research Inc.","AMRI"
"LSI Industries Inc.","LYTS"
"L & L Energy, Inc.","LLEN"
"Opto Circuits (India) Ltd.","OPTOCIRCU.NS"
"SolarCity Corporation","SCTY"
"Hanesbrands Inc.","HBI"
"American Realty Investors Inc.","ARL"
"1st Constitution Bancorp","FCCY"
"SciQuest, Inc.","SQI"
"Shanda Games Limited","GAME"
"SIL Investments Ltd.","SILINVEST.BO"
"Sky-mobi Limited","MOBI"
"Ameriana Bancorp","ASBI"
"CBOE Holdings, Inc.","CBOE"
"AltaPacific Bancorp","ABNK"
"Ingles Markets, Incorporated","IMKTA"
"National Express Group plc","NEX.L"
"Astea International Inc.","ATEA"
"InterOil Corporation","IOC"
"U.S. Geothermal Inc.","HTM"
"SEI Investments Co.","SEIC"
"Honeywell International Inc.","HON"
"Honeywell International Inc.","HON.L"
"SeaChange International Inc.","SEAC"
"Gas Natural Inc.","EGAS"
"Dr Pepper Snapple Group, Inc.","DPS"
"EMERGENT BIOSOLUTIONS, INC.","EBS"
"Winmark Corp.","WINA"
"M/I Homes, Inc.","MHO"
"Paddy Power plc","PAP.L"
"Sangamo Biosciences Inc.","SGMO"
"1st United Bancorp, Inc.","FUBC"
"Nucor Corporation","NUE"
"Harte-Hanks Inc.","HHS"
"TheraBiogen Inc.","TRAB"
"Amphenol Corporation","APH"
"Interphase Corp.","INPH"
"Forward Industries Inc.","FORD"
"Touchmark Bancshares, Inc.","TMAK"
"Cerus Corporation","CERS"
"ZIOPHARM Oncology, Inc.","ZIOP"
"Gold Resource Corp","GORO"
"Pacific Safety Products Inc.","PSP.V"
"AtriCure, Inc.","ATRC"
"Capstone Turbine Corp.","CPST"
"Praxair Inc.","PX"
"Trulia, Inc.","TRLA"
"Biomerica Inc.","BMRA"
"Comfort Systems USA Inc.","FIX"
"Protalix BioTherapeutics, Inc.","PLX"
"Exillon Energy plc","EXI.L"
"Exterran Partners, L.P.","EXLP"
"Advance Auto Parts Inc.","AAP"
"Summit Hotel Properties, Inc.","INN"
"Alanco Technologies Inc.","ALAN"
"MCG Capital Corporation","MCGC"
"Broadway Financial Corporation","BYFC"
"Zynga, Inc.","ZNGA"
"Jack in the Box Inc.","JACK"
"Scientific Games Corporation","SGMS"
"Gibraltar Industries, Inc.","ROCK"
"Boston Scientific Corporation","BSX"
"ARC Group Worldwide, Inc.","ARCW"
"CACI International Inc.","CACI"
"Republic Services, Inc.","RSG"
"CAS Medical Systems Inc.","CASM"
"Beasley Broadcast Group Inc.","BBGI"
"AVX Corp.","AVX"
"Standard Parking Corporation","STAN"
"IF Bancorp, Inc.","IROQ"
"Home Financial Bancorp","HWEN"
"Atmel Corporation","ATML"
"IPG Photonics Corporation","IPGP"
"Tucows Inc.","TCX"
"National Bankshares Inc.","NKSH"
"American Standard Energy Corp.","ASEN"
"Embotelladora Andina S.A.","AKO-A"
"Embotelladora Andina S.A.","AKO-B"
"Merge Healthcare Incorporated","MRGE"
"Bridgeline Digital, Inc.","BLIN"
"TravelCenters of America LLC","TA"
"Legg Mason Inc.","LM"
"Sasol Ltd.","SSL"
"Innospec Inc.","IOSP"
"China Marine Food Group Limite","CMFO"
"Xilinx Inc.","XLNX"
"Huntsman Corporation","HUN"
"Carver Bancorp Inc.","CARV"
"P&F Industries Inc.","PFIN"
"Wilshire Bancorp Inc.","WIBC"
"Diamondback Energy, Inc.","FANG"
"MedAssets, Inc.","MDAS"
"Sinopec Shanghai Petrochemical","SHI"
"Harley-Davidson, Inc.","HOG"
"Maudore Minerals Ltd.","MAO.V"
"Preferred Bank","PFBC"
"Nano Labs Corp.","CTLE"
"Joe's Jeans Inc.","JOEZ"
"Rayonier Inc.","RYN"
"Calavo Growers Inc.","CVGW"
"W.R. Grace & Co.","GRA"
"AeroVironment, Inc.","AVAV"
"Extreme Networks Inc.","EXTR"
"Superior Uniform Group Inc.","SGC"
"Aberdeen Asset Management PLC","ADN.L"
"Rambus Inc.","RMBS"
"Envivio, Inc.","ENVI"
"Symphony Ltd.","SYMPHONY.BO"
"First United Corporation","FUNC"
"COMSCORE, Inc.","SCOR"
"Magellan Midstream Partners LP","MMP"
"Polypore International Inc.","PPO"
"Rexnord Corporation","RXN"
"Trifast plc","TRI.L"
"Microsemi Corporation","MSCC"
"United Technologies Corp.","UTX"
"Energizer Holdings Inc.","ENR"
"UCB SA","UCB.BR"
"Echo Global Logistics, Inc.","ECHO"
"SHIP FINANCE INTERNATIONAL LIM","SFL"
"DURECT Corporation","DRRX"
"Greene County Bancorp, Inc.","GCBC"
"Azimut Holding SPA","AZM.MI"
"Fred's, Inc.","FRED"
"Xcel Energy Inc.","XEL"
"AECOM Technology Corporation","ACM"
"UGI Corporation","UGI"
"Noah Education Holdings Ltd.","NED"
"Monsanto Company","MON"
"Morgan Stanley","MS.MX"
"Morgan Stanley","MS"
"The Intergroup Corporation","INTG"
"Diodes Incorporated","DIOD"
"BioScrip Inc.","BIOS"
"Transurban Group","TCL.AX"
"Level 3 Communications, Inc.","LVLT"
"ASM Pacific Technology Ltd.","0522.HK"
"Shore Bancshares, Inc.","SHBI"
"PrimeEnergy Corp.","PNRG"
"Kopin Corporation","KOPN"
"Fox Chase Bancorp, Inc.","FXCB"
"Amedisys Inc.","AMED"
"Godrej Consumer Products Ltd.","GODREJCP.BO"
"Cheniere Energy Partners LP.","CQP"
"Star Gas Partners, L.P.","SGU"
"Lanxess AG","LXS.DE"
"Chico's Fas Inc.","CHS"
"GAIN Capital Holdings, Inc.","GCAP"
"Bunge Limited","BG"
"Baker Boyer Bancorp","BBBK"
"Adecoagro S.A.","AGRO"
"Constellation Brands Inc.","STZ"
"Nobility Homes Inc.","NOBH"
"Amyris, Inc.","AMRS"
"Booker Group PLC","BOK.L"
"Synthesis Energy Systems, Inc.","SYMX"
"ACI Worldwide, Inc.","ACIW"
"CVR Energy, Inc.","CVI"
"Skullcandy, Inc.","SKUL"
"Astrotech Corp.","ASTC"
"KB Home","KBH"
"PFSweb Inc.","PFSW"
"BROADRIDGE FINANCIAL SOLUTIONS","BR"
"Mission Valley Bancorp","MVLY"
"Entropic Communications, Inc.","ENTR"
"Meggitt PLC","MGGT.L"
"Aon Plc","AON"
"Waste Management, Inc.","WM"
"Gnc Holdings Inc.","GNC"
"Banco Bilbao Vizcaya Argentari","BBVA"
"NF Energy Saving Corp.","NFEC"
"Brookfield Residential Propert","BRP"
"Silvercorp Metals Inc.","SVM.TO"
"Silvercorp Metals Inc.","SVM"
"Regency Energy Partners LP","RGP"
"Odyssey Marine Exploration Inc.","OMEX"
"Berry Plastics Group, Inc.","BERY"
"Benchmark Electronics Inc.","BHE"
"Taitron Components Inc.","TAIT"
"Brown-Forman Corporation","BF-B"
"Gulfport Energy Corp.","GPOR"
"Momenta Pharmaceuticals Inc.","MNTA"
"Gulfmark Offshore, Inc.","GLF"
"Codexis, Inc.","CDXS"
"Vision-Sciences Inc.","VSCI"
"Fluidigm Corporation","FLDM"
"Celldex Therapeutics, Inc.","CLDX"
"Lloyds Banking Group Plc","LYG"
"USA Mobility, Inc.","USMO"
"Datalink Corporation","DTLK"
"XO Group Inc.","XOXO"
"Commerce Bancshares, Inc.","CBSH"
"Hornby PLC","HRN.L"
"Symetra Financial Corporation","SYA"
"Lexmark International Inc.","LXK"
"Hecla Mining Co.","HL"
"P.A.M. Transportation Services","PTSI"
"Synergy Resources Corporation","SYRG"
"Tupperware Brands Corporation","TUP"
"MasTec, Inc.","MTZ"
"Revolution Lighting Technologi","RVLT"
"Heska Corp.","HSKA"
"Sabra Health Care REIT, Inc.","SBRA"
"Crawford & Company","CRD-B"
"Web.com Group, Inc.","WWWW"
"Scorpio Tankers Inc.","STNG"
"Folsom Lake Bank","FOLB"
"Cardiocomm Solutions Inc.","EKG.V"
"NetSuite Inc.","N"
"Telephone & Data Systems Inc.","TDS"
"Capital Senior Living Corp.","CSU"
"R.R. Donnelley & Sons Company","RRD"
"BluePhoenix Solutions Ltd.","BPHX"
"Bridgford Foods Corp.","BRID"
"Delta Apparel Inc.","DLA"
"Alon USA Partners, LP","ALDW"
"Precision Castparts Corp.","PCP"
"The Standard Register Company","SR"
"Bp Prudhoe Bay Royalty Trust","BPT"
"Community Bank System Inc.","CBU"
"Blue Dolphin Energy Company","BDCO"
"Jay Shree Tea & Industries Ltd.","JAYSREETE.NS"
"Select Medical Holdings Corpor","SEM"
"E-Commerce China Dangdang Inc.","DANG"
"Cascade Technologies Corp.","CSDT"
"California Water Service Group","CWT"
"Delton Cables Ltd.","DLTNCBL.BO"
"ABIOMED, Inc.","ABMD"
"Endeavour Silver Corp.","EXK"
"Lowe's Companies Inc.","LOW"
"Full House Resorts Inc.","FLL"
"Discover Financial Services","DFS"
"Universal Electronics Inc.","UEIC"
"Pacific Coast Oil Trust","ROYT"
"First Busey Corporation","BUSE"
"Deluxe Corp.","DLX"
"Simon Property Group Inc.","SPG"
"Unwired Planet, Inc.","UPIP"
"American Apparel, Inc.","APP"
"Marriott International, Inc.","MAR"
"Realty Income Corporation","O"
"Moller International Inc.","MLER"
"Service Team Inc.","SVTE"
"The Travelers Companies, Inc.","TRV"
"Mondelez International, Inc.","MDLZ"
"Pulse Electronics Corporation","PULS"
"Safeguard Scientifics, Inc.","SFE"
"ShoreTel, Inc.","SHOR"
"Sienna Gold Inc.","SGP.V"
"zipRealty Inc.","ZIPR"
"Modine Manufacturing Company","MOD"
"Motorola Solutions, Inc.","MSI"
"Athabasca Oil Corp","ATH.TO"
"Adelaide Brighton Limited","ABC.AX"
"Intricon Corp.","IIN"
"Cordia Bancorp Inc.","BVA"
"Sysco Corporation","SYY"
"SAP AG","SAP.MI"
"SAP AG","SAP.DE"
"Duoyuan Printing, Inc.","DYP"
"Ingram Micro Inc.","im"
"Cirrus Logic Inc.","CRUS"
"SMF Energy Corporation","FUEL"
"BroadVision, Inc.","BVSN"
"Ascopiave","ASC.MI"
"Akamai Technologies, Inc.","AKAM"
"Value Line, Inc.","VALU"
"GTX Inc.","GTXI"
"Solera National Bancorp, Inc.","SLRK"
"Adept Technology Inc.","ADEP"
"Westfield Group","WDC.AX"
"United Bancorp, Inc.","UBMI"
"John Wiley & Sons Inc.","JW-A"
"NL Industries Inc.","NL"
"1st Capital Bank","FISB"
"Manhattan Associates, Inc.","MANH"
"Verizon Communications Inc.","VZ"
"Intersil Corporation","ISIL"
"Fortuna Silver Mines Inc.","FSM"
"Fortuna Silver Mines Inc.","FVI.TO"
"Grand Canyon Education, Inc.","LOPE"
"Regal Entertainment Group","RGC"
"Exterran Holdings, Inc.","EXH"
"AEP Industries Inc.","AEPI"
"Teekay Tankers Ltd.","TNK"
"Pebblebrook Hotel Trust","PEB"
"Broadcom Corp.","BRCM"
"TripAdvisor Inc.","TRIP"
"Synchronoss Technologies, Inc.","SNCR"
"Coastal Banking Company, Inc.","CBCO"
"American Axle & Manufacturing","AXL"
"DARA BioSciences, Inc","DARA"
"ATA, Inc.","ATAI"
"Concur Technologies, Inc.","CNQR"
"Ramelius Resources Ltd.","RMS.AX"
"Acura Pharmaceuticals, Inc.","ACUR"
"Anheuser-Busch InBev SA/NV","BUD"
"Louisiana Bancorp, Inc.","LABC"
"GP Strategies Corp.","GPX"
"Gilead Sciences Inc.","GILD.MX"
"Gilead Sciences Inc.","GILD"
"NN Inc.","NNBR"
"Datawatch Corporation","DWCH"
"Jet Airways (India) Ltd.","JETAIRWAYS.BO"
"Hilltop Holdings Inc.","HTH"
"Monster Beverage Corporation","MNST"
"Park City Group Inc.","PCYG"
"Helmerich & Payne, Inc.","HP"
"ChemoCentryx, Inc.","CCXI"
"Paychex, Inc.","PAYX"
"Puget Sound Bank","PUGB"
"Chesapeake Lodging Trust","CHSP"
"Crumbs Bake Shop, Inc.","CRMB"
"Investors Real Estate Trust","IRET"
"Empresas ICA, S.A.B. de C.V.","ICA"
"Dynasil Corporation of America","DYSL"
"PH Glatfelter Co.","GLT"
"Landec Corp.","LNDC"
"Neurocrine Biosciences Inc.","NBIX"
"Church & Dwight Co. Inc.","CHD"
"ZELTIQ Aesthetics, Inc.","ZLTQ"
"IDT Corporation","IDT"
"Steiner Leisure Ltd.","STNR"
"Advanced Cell Technology Inc.","ACTC"
"Inphi Corporation","IPHI"
"Enersys","ENS"
"Coronado Biosciences, Inc.","CNDO"
"Cardinal Financial Corp.","CFNL"
"MELA Sciences, Inc.","MELA"
"Lincoln National Corporation","LNC"
"Spartan Motors Inc.","SPAR"
"Tutor Perini Corporation","TPC"
"Nutrisystem, Inc.","NTRI"
"QLogic Corp.","QLGC"
"Imperial Holdings, Inc.","IFT"
"DreamWorks Animation SKG Inc.","DWA"
"CoreSite Realty Corporation","COR"
"Petropavlovsk PLC","POG.L"
"Access National Corporation","ANCX"
"Allied Motion Technologies Inc.","AMOT"
"Carroll Bancorp, Inc.","CROL"
"Axis Capital Holdings Limited","AXS"
"Nordson Corporation","NDSN"
"OmegaFlex, Inc.","OFLX"
"General Motors Company","GM"
"Ctrip.com International Ltd.","CTRP"
"Goldgroup Mining Inc.","GGA.TO"
"Corning Inc.","GLW.MX"
"Corning Inc.","GLW"
"Scholastic Corporation","SCHL"
"RLJ Entertainment, Inc.","RLJE"
"Basic Energy Services, Inc.","BAS"
"Capital Southwest Corporation","CSWC"
"Isramco Inc.","ISRL"
"Kimberly-Clark Corporation","KMB"
"Aercap Holdings N.V.","AER"
"Premier Exhibitions Inc.","PRXI"
"A. H. Belo Corporation","AHC"
"Caterpillar Inc.","CAT.BA"
"Caterpillar Inc.","CATR.PA"
"Caterpillar Inc.","CAT"
"Caterpillar Inc.","CAT.MX"
"Salora International Ltd.","SALORA.BO"
"PHI Inc.","PHII"
"Nature's Sunshine Products Inc.","NATR"
"Lannett Company, Inc.","LCI"
"Campus Crest Communities, Inc.","CCG"
"EQT Corporation","EQT"
"Ixys Corp.","IXYS"
"Columbia Commercial Bancorp","CLBC"
"Westamerica Bancorp.","WABC"
"Carnival plc","CUK"
"Becton, Dickinson and Company","BDX"
"Vishay Intertechnology Inc.","VSH"
"Enterprise National Bank N.J.","ENBN"
"One Liberty Properties Inc.","OLP"
"Old National Bancorp.","ONB"
"Tiffany & Co.","TIF"
"Cninsure Inc.","CISG"
"Visteon Corporation","VC"
"TeleCommunication Systems Inc.","TSYS"
"United Community Bancorp","UCBA"
"Webster Financial Corp.","WBS"
"United Bankshares Inc.","UBSI"
"Apollo Global Management, LLC","APO"
"DigitalGlobe, Inc.","DGI"
"Metalink, Ltd.","MTLK"
"Village Super Market Inc.","VLGEA"
"Maxwell Technologies, Inc.","MXWL"
"LB Foster Co.","FSTR"
"Ballarpur Industries Ltd.","BILT.BO"
"Tetra Technologies, Inc.","TTI"
"Gallant Venture Ltd.","5IG.SI"
"America's Car-Mart Inc.","CRMT"
"AAR Corp.","AIR"
"Neptune Orient Lines Ltd.","N03.SI"
"Synacor, Inc.","SYNC"
"GKN PLC","GKN.L"
"Carbonite, Inc.","CARB"
"Deer Consumer Products, Inc.","DEER"
"K+S Aktiengesellschaft","SDF.DE"
"PGT, Inc.","PGTI"
"Range Resources Corporation","RRC"
"Meru Networks, Inc.","MERU"
"ZST Digital Networks, Inc.","ZSTN"
"Reliance Power Ltd.","RPOWER.BO"
"Reliance Power Ltd.","RPOWER.NS"
"Stepan Company","SCL"
"Tal Education Group","XRS"
"Halliburton Company","HAL"
"Preferred Voice Inc.","ALYE"
"Kyocera Corp.","KYO"
"Hatteras Financial Corp","HTS"
"Wisconsin Energy Corp.","WEC"
"National Health Investors Inc.","NHI"
"Monro Muffler Brake Inc.","MNRO"
"Matrix Service Company","MTRX"
"Citi Trends, Inc.","CTRN"
"Greenlight Capital Re, Ltd.","GLRE"
"Ecology Coatings, Inc.","ECOCQ"
"County Commerce Bank","CNYB"
"Aedes","AE.MI"
"Generac Holdings Inc.","GNRC"
"Internet Initiative Japan Inc.","IIJI"
"Yelp, Inc.","YELP"
"Orckit Communications Ltd.","ORCT"
"Towne Bank","TOWN"
"Wintrust Financial Corporation","WTFC"
"Power Integrations Inc.","POWI"
"Haulotte Group","PIG.PA"
"Commonwealth Business Bank","CWBB"
"MGM Resorts International","MGM"
"AeroCentury Corp.","ACY"
"Umpqua Holdings Corporation","UMPQ"
"Precision Wires India Ltd.","PRECWIRE.BO"
"InnerWorkings Inc.","INWK"
"W&T Offshore Inc.","WTI"
"Riverview Bancorp Inc.","RVSB"
"First Defiance Financial Corp.","FDEF"
"Orbotech Ltd.","ORBK"
"Premier Valley Bank","PVLY"
"AbbVie Inc.","ABBV"
"Omeros Corporation","OMER"
"Jamba, Inc.","JMBA"
"Gladstone Commercial Corp.","GOOD"
"Glimcher Realty Trust","GRT"
"Reading International, Inc.","RDI"
"Finisar Corp.","FNSR"
"Medifast Inc.","MED"
"U.S. Bancorp","USB.MX"
"U.S. Bancorp","USB"
"Alexander & Baldwin, Inc.","ALEX"
"SVB Financial Group","SIVB"
"Lee Enterprises, Incorporated","LEE"
"UDR, Inc.","UDR"
"CirTran Corp.","CIRC"
"IceWEB, Inc.","IWEB"
"Gencorp Inc.","GY"
"Omnicare Inc.","OCR"
"Igate Corporation","IGTE"
"Angie's List, Inc.","ANGI"
"MRC Global Inc.","MRC"
"Anite PLC","AIE.L"
"Fortune Brands Home & Security","FBHS"
"Cms Bancorp, Inc.","CMSB"
"Cambrex Corporation.","CBM"
"Essa Bancorp, Inc.","ESSA"
"Cardinal Health, Inc.","CAH"
"Brown & Brown Inc.","BRO"
"Inuvo, Inc.","INUV"
"RADA Electronic Industries Ltd.","RADA"
"Pacific Premier Bancorp Inc.","PPBI"
"Summit Financial Group Inc.","SMMF"
"Champion Industries Inc.","CHMP"
"Old Mutual PLC","OML.L"
"AthenaHealth, Inc.","ATHN"
"Onstream Media Corp.","ONSM"
"Remark Media, Inc.","MARK"
"McGrath Rentcorp","MGRC"
"ICICI Bank Ltd.","IBN"
"Rosetta Resources, Inc.","ROSE"
"Sierra Bancorp","BSRR"
"Precision Aerospace Components","PAOS"
"IG Group Holdings plc","IGG.L"
"El Paso Electric Co.","EE"
"eMagin Corp.","EMAN"
"Saul Centers Inc.","BFS"
"Interface Inc.","TILE"
"Cairn India Ltd.","CAIRN.BO"
"Cairn India Ltd.","CAIRN.NS"
"Talisman Energy Inc.","TLM"
"Zalicus Inc.","ZLCS"
"Sycamore Networks Inc.","SCMR"
"Intellicheck Mobilisa, Inc.","IDN"
"SP Bancorp, Inc.","SPBC"
"Opko Health, Inc.","OPK"
"Axiall Corporation","AXLL"
"Bankrate, Inc.","RATE"
"Lavendon Group plc","LVD.L"
"Perry Ellis International Inc.","PERY"
"Brazil Fast Food Corp.","BOBS"
"POZEN Inc.","POZN"
"SmartMetric Inc.","SMME"
"Louisiana-Pacific Corp.","LPX"
"NewLink Genetics Corporation","NLNK"
"Carpenter Technology Corp.","CRS"
"Holly Energy Partners L.P","HEP"
"Westinghouse Solar, Inc.","WEST"
"Nortek Inc.","NTK"
"RadNet, Inc.","RDNT"
"EZchip Semiconductor Ltd.","EZCH"
"WuXi PharmaTech (Cayman) Inc.","WX"
"SL Green Realty Corp.","SLG"
"Safety Insurance Group Inc.","SAFT"
"Leggett & Platt, Incorporated","LEG"
"Fomento Econ","FMX"
"West Marine Inc.","WMAR"
"HMS Holdings Corp.","HMSY"
"Chemung Financial Corporation","CHMG"
"Orbital Sciences Corp.","ORB"
"Public Storage","PSA"
"Continental AG","CON.DE"
"Transocean Ltd.","RIG"
"FX Energy Inc.","FXEN"
"FOSTER WHEELER AG","FWLT"
"Circle Star Energy Corp.","CRCL"
"Exelis Inc.","XLS"
"Littelfuse Inc.","LFUS"
"Kemet Corp.","KEM"
"CARBO Ceramics Inc.","CRR"
"Cytori Therapeutics, Inc.","CYTX"
"Air Lease Corporation","AL"
"BioSpecifics Technologies Corp","BSTC"
"Micro-Mechanics holdings","5DD.SI"
"Cono Italiano, Inc.","CNOZ"
"Investors Bancorp Inc.","ISBC"
"Varian Medical Systems, Inc.","VAR"
"American Capital, Ltd.","ACAS"
"Cree, Inc.","CREE"
"Travelzoo Inc.","TZOO"
"Mines Management, Inc.","MGN"
"Cathay General Bancorp","CATY"
"CommVault Systems, Inc.","CVLT"
"Alaska Air Group, Inc.","ALK"
"EastGroup Properties Inc.","EGP"
"Invent Ventures, Inc.","IDEA"
"Skyworks Solutions Inc.","SWKS"
"Southwest Airlines Co.","LUV"
"Manas Resources Ltd.","MSR.AX"
"SSE plc","SSE.L"
"Air China Limited","0753.HK"
"Stantec Inc.","STN"
"Clovis Oncology, Inc.","CLVS"
"Old Line Bancshares Inc.","OLBK"
"B&G Foods Inc.","BGS"
"Masimo Corporation","MASI"
"Almost Family Inc.","AFAM"
"SemiLEDS Corporation","LEDS"
"The McClatchy Company","MNI"
"Ameresco, Inc.","AMRC"
"CalWest Bancorp","CALW"
"AOL Inc.","AOL"
"Courier Corporation","CRRC"
"Coach, Inc.","COH"
"Embraer SA","ERJ"
"Harris & Harris Group, Inc.","TINY"
"VALTECH","LTE.PA"
"Corpbanca","BCA"
"Callaway Golf Co.","ELY"
"Idaho Independent Bank","IIBK"
"All American Gold Corp.","AAGC"
"Ebix Inc.","EBIX"
"Independence Holding Co.","IHC"
"Bluelinx Holdings Inc.","BXC"
"Exactech Inc.","EXAC"
"Perceptron, Inc.","PRCP"
"LIBERTY GLOBAL PLC","LBTYA"
"Meritor, Inc.","MTOR"
"Atlantic American Corp.","AAME"
"AirMedia Group Inc.","AMCN"
"Kirby Corporation","KEX"
"World Wrestling Entertainment","WWE"
"Donegal Group Inc.","DGICB"
"China Sunergy Co. Ltd.","CSUN"
"Worthington Industries, Inc.","WOR"
"Daleco Resources Corp.","DLOV"
"Biostar Pharmaceuticals, Inc.","BSPM"
"TransAlta Corp","TA.TO"
"GSE Systems Inc.","GVP"
"Victrex plc","VCT.L"
"Oak View National Bank","OAKV"
"Enduro Royalty Trust","NDRO"
"Archer Daniels Midland Company","ADM"
"CCA Industries Inc.","CAW"
"Brekford Corp.","BFDI"
"Hyster-Yale Materials Handling","HY"
"Luby's, Inc.","LUB"
"Westport Innovations Inc.","WPRT"
"Stryker Corporation","SYK"
"CapitaMalls Asia Ltd.","JS8.SI"
"American Assets Trust, Inc.","AAT"
"Atrion Corp.","ATRI"
"Interxion Holding NV","INXN"
"JD Sports Fashion PLC","JD.L"
"Boyd Gaming Corporation","BYD"
"AMC Networks Inc.","AMCX"
"Central GoldTrust","GTU"
"NetScout Systems, Inc.","NTCT"
"InfuSystem Holdings, Inc.","INFU"
"Pinnacle Foods Inc.","PF"
"NATIONAL PRESTO INDUSTRIES INC.","NPK"
"Commonwealth Bank of Australia","CBA.AX"
"Orex Minerals Inc.","REX.V"
"DLF Ltd.","DLF.NS"
"Furiex Pharmaceuticals, Inc.","FURX"
"PacWest Bancorp","PACW"
"Covance Inc.","CVD"
"Vimicro International Corp.","VIMC"
"Atossa Genetics, Inc.","ATOS"
"Northeast Utilities","NU"
"Lifepoint Hospitals Inc.","LPNT"
"Crowdgather, Inc.","CRWG"
"Rudolph Technologies Inc.","RTEC"
"Emclaire Financial Corp.","EMCF"
"GigaMedia Ltd.","GIGM"
"Porter Bancorp Inc.","PBIB"
"Glacier Bancorp, Inc.","GBCI"
"Ball Corporation","BLL"
"Kingold Jewelry, Inc.","KGJI"
"Dealertrack Technologies, Inc.","TRAK"
"Epazz Inc.","EPAZ"
"Sandstorm Gold Ltd.","SAND"
"ePlus Inc.","PLUS"
"MakeMyTrip Limited","MMYT"
"China New Borun Corporation","BORN"
"Heritage Oaks Bancorp","HEOP"
"Sutor Technology Group Limited","SUTR"
"First Midwest Bancorp Inc.","FMBI"
"IPOWorld","IPOW"
"NTELOS Holdings Corp.","NTLS"
"Novadaq Technologies Inc.","NDQ.TO"
"Novadaq Technologies Inc.","NVDQ"
"Iac/Interactivecorp","IACI"
"Yy Inc.","YY"
"Wynn Resorts Ltd.","WYNN.MX"
"Wynn Resorts Ltd.","WYNN"
"Integrys Energy Group, Inc.","TEG"
"China Sky One Medical, Inc.","CSKI"
"Excel Trust, Inc.","EXL"
"3i Group PLC","III.L"
"AudioCodes Ltd.","AUDC"
"Seaspan Corporation","SSW"
"Meredith Corporation","MDP"
"Knoll, Inc.","KNL"
"GasLog Ltd.","GLOG"
"Salix Pharmaceuticals Ltd.","SLXP"
"Graham Corporation","GHM"
"Olin Corp.","OLN"
"Digital Realty Trust Inc.","DLR"
"Icahn Enterprises, L.P.","IEP"
"Hawthorn Bancshares, Inc.","HWBK"
"1st Century Bancshares, Inc.","FCTY"
"Volkswagen AG","VKW.L"
"Volkswagen AG","VOW3.DE"
"Lincoln Electric Holdings Inc.","LECO"
"LECG Corporation","XPRT"
"MOCON Inc.","MOCO"
"Micros Systems, Inc.","MCRS"
"MSCI Inc.","MSCI"
"Immucell Corp.","ICCC"
"Asbury Automotive Group, Inc.","ABG"
"KMG Chemicals Inc.","KMG"
"Targacept, Inc.","TRGT"
"AmeriServ Financial, Inc.","ASRV"
"Primero Mining Corp.","PPP"
"Homeserve PLC","HSV.L"
"WVS Financial Corp.","WVFC"
"Waste Connections Inc.","WCN"
"Centerpointe Community Bank","CENP"
"Glaxosmithkline Plc","GSK"
"Lime Energy Co.","LIME"
"Vocera Communications, Inc.","VCRA"
"AEterna Zentaris, Inc.","AEZ.TO"
"Iconix Brand Group, Inc.","ICON"
"LG Electronics Inc.","39IB.L"
"Telecom Argentina S.A.","TEO"
"Allot Communications Ltd.","ALLT"
"Nicholas Financial Inc.","NICK"
"Santa Cruz County Bank","SCZC"
"Ambac Financial Group, Inc.","AMBC"
"HopFed Bancorp Inc.","HFBC"
"Rubfila International Ltd.","RUBFILA.BO"
"Ultra Clean Holdings Inc.","UCTT"
"Air Methods Corp.","AIRM"
"Astronics Corporation","ATRO"
"Juniper Networks, Inc.","JNPR"
"TIBCO Software Inc.","TIBX"
"ServiceNow, Inc.","NOW"
"SEQUENTIAL BRANDS GROUP, INC.","SQBG"
"OptimumBank Holdings Inc.","OPHC"
"Fiesta Restaurant Group, Inc.","FRGI"
"American Business Bank","AMBZ"
"Internet Gold Golden Lines Ltd.","IGLD"
"Northern Trust Corporation","NTRS"
"Staples, Inc.","SPLS"
"Ceres, Inc.","CERE"
"HDFC Bank Ltd.","HDB"
"ERBA Diagnostics, Inc.","ERB"
"EMCORE Corporation","EMKR"
"Servotronics Inc.","SVT"
"China Resources Land Ltd.","1109.HK"
"Rainmaker Systems Inc.","RMKR"
"TUI Travel PLC","TT.L"
"B.O.S. Better Online Solutions","BOSC"
"American DG Energy, Inc.","ADGE"
"Petrologistics LP","PDH"
"Bob Evans Farms, Inc.","BOBE"
"Anadarko Petroleum Corporation","APC"
"Tata Motors Limited","TTM"
"CNB Financial Corp.","CCNE"
"Equity Residential","EQR"
"WGL Holdings Inc.","WGL"
"Guardian 8 Holdings","GRDH"
"Southcoast Financial Corp.","SOCB"
"Saratoga Investment Corp.","SAR"
"PartnerRe Ltd.","PRE"
"Isis Pharmaceuticals, Inc.","ISIS"
"Metalico Inc.","MEA"
"Reynolds American Inc.","RAI"
"Red Hat, Inc.","RHT"
"Capstead Mortgage Corp.","CMO"
"China Zenix Auto International","ZX"
"Enbridge Energy Management Llc","EEQ"
"IMRIS, Inc.","IMRS"
"Forest City Enterprises Inc.","FCE-A"
"Ensco plc","ESV"
"Optibase Ltd.","OBAS"
"China Integrated Energy, Inc.","CBEH"
"China Mobile Limited","CHL"
"Crexendo, Inc.","EXE"
"Thomas Cook Group plc","TCG.L"
"Ikonics Corp.","IKNX"
"Magellan Minerals Ltd.","MNM.V"
"Jinpan International Limited","JST"
"Patriot National Bancorp Inc.","PNBK"
"Analogic Corporation","ALOG"
"RELIANCE CAPITAL LTD.","RELCAPITAL.BO"
"Liberty Ventures","LVNTA"
"Raptor Pharmaceuticals Corp.","RPTP"
"K12, Inc.","LRN"
"Credit Acceptance Corp.","CACC"
"Systemax Inc.","SYX"
"SPX Corporation","SPW"
"Thermon Group Holdings, Inc.","THR"
"AdCare Health Systems Inc.","ADK"
"Casella Waste Systems Inc.","CWST"
"Sunesis Pharmaceuticals, Inc.","SNSS"
"The GEO Group, Inc.","GEO"
"Electromed, Inc.","ELMD"
"Home Bancorp, Inc.","HBCP"
"Acque Potabili","ACP.MI"
"Intest Corp.","INTT"
"Entercom Communications Corp.","ETM"
"Unilever Plc","UL"
"Measurement Specialties Inc.","MEAS"
"SkyPeople Fruit Juice, Inc.","SPU"
"Amgen Inc.","AMGN.MX"
"Amgen Inc.","AMGN"
"Martin Midstream Partners LP","MMLP"
"Liquidity Services, Inc.","LQDT"
"Open Text Corporation","OTEX"
"Swisher Hygiene Inc.","SWSH"
"Starwood Property Trust, Inc.","STWD"
"Haoma Mining NL","HAO.AX"
"Newtek Business Services Inc.","NEWT"
"News Corporation","NWSA"
"Fuel Systems Solutions, Inc.","FSYS"
"TriCo Bancshares","TCBK"
"Rogers Communications Inc.","RCI"
"China BAK Battery, Inc.","CBAK"
"Nu Skin Enterprises Inc.","NUS"
"Golden Agri-Resources Ltd.","E5H.SI"
"Georgia Bancshares Inc.","GABA"
"Pericom Semiconductor Corp.","PSEM"
"StanCorp Financial Group Inc.","SFG"
"Coates International Ltd.","COTE"
"Otter Tail Corporation","OTTR"
"Anacor Pharmaceuticals, Inc.","ANAC"
"Marten Transport Ltd.","MRTN"
"Oneida Financial Corp.","ONFC"
"Greer Bancshares Incorporated","GRBS"
"Southwestern Energy Co.","SWN"
"Independent Bank Corporation","IBCP"
"USG Corporation","USG"
"Synaptics Inc.","SYNA"
"Krispy Kreme Doughnuts, Inc.","KKD"
"River Valley Bancorp","RIVR"
"Transmontaigne Partners L.P.","TLP"
"Baldwin & Lyons Inc.","BWINB"
"Visa Inc.","V"
"Mead Johnson Nutrition Company","MJN"
"Genie Energy Ltd.","GNE"
"Stratasys Ltd.","SSYS"
"Washington Federal Inc.","WAFD"
"ZAP","ZAAP"
"Capella Education Co.","CPLA"
"Cedar Fair, L.P.","FUN"
"ID Systems Inc.","IDSY"
"New Gold, Inc.","NGD"
"Arthur J Gallagher & Co.","AJG"
"TF Financial Corporation","THRD"
"magicJack VocalTec Ltd.","CALL"
"Rupert Resources Ltd.","RUP.V"
"Synovus Financial Corporation","SNV"
"Primary Health Properties PLC","PHP.L"
"HomeTrust Bancshares, Inc.","HTBI"
"DepoMed Inc.","DEPO"
"Xenith Bankshares, Inc.","XBKS"
"Crystal Rock Holdings, Inc.","CRVP"
"Ohio Legacy Corp.","OLCB"
"Argan, Inc.","AGX"
"GlaxoSmithKline plc","GSK.L"
"Douglas Emmett Inc.","DEI"
"TRC Companies Inc.","TRR"
"TCF Financial Corporation","TCB"
"Ingersoll-Rand Plc","IR"
"Essex Property Trust Inc.","ESS"
"Iridium Communications Inc.","IRDM"
"Kingsway Financial Services In","KFS"
"Cutera, Inc.","CUTR"
"Mexco Energy Corporation","MXC"
"21Vianet Group, Inc.","VNET"
"Regis Corp.","RGS"
"Sears Holdings Corporation","SHLD"
"SunCoke Energy Inc.","SXC"
"Gaiam Inc.","GAIA"
"Wells Fargo & Company","WFC"
"Federal Agricultural Mortgage","AGM"
"China CGame, Inc.","CCGM"
"Approach Resources, Inc.","AREX"
"Arena Agroindustrie Alimentari","ARE.MI"
"Manulife Financial Corporation","MFC"
"The Mosaic Company","MOS"
"CenturyLink, Inc.","CTL"
"Charm Communications Inc.","CHRM"
"Hudson Technologies Inc.","HDSN"
"Griffon Corporation","GFF"
"Susser Holdings Corporation","SUSS"
"Atlas Resource Partners, L.P.","ARP"
"Iteris, Inc.","ITI"
"Fortress Investment Group LLC","FIG"
"Evolving Systems Inc.","EVOL"
"Infosys Ltd.","INFY"
"Luxottica Group SpA","LUX"
"Brammer plc","BRAM.L"
"Opentable, Inc.","OPEN"
"Twilight Litaka Pharma Ltd.","TWILITAKA.BO"
"Tri-Valley Bank","TRVB"
"Journal Communications Inc.","JRN"
"Addus HomeCare Corporation","ADUS"
"Smiths Group PLC","SMIN.L"
"Healthcare Services Group Inc.","HCSG"
"C&J Energy Services, Inc.","CJES"
"African Gold Group Inc.","AGG.V"
"Premiere Global Services, Inc.","PGI"
"Treehouse Foods, Inc.","THS"
"Savills plc","SVS.L"
"Minerals Technologies Inc.","MTX"
"Pacific Ethanol, Inc.","PEIX"
"TSR, Inc.","TSRI"
"Hexcel Corp.","HXL"
"Targa Resources Corp.","TRGP"
"Bridge Bancorp, Inc.","BDGE"
"Glu Mobile, Inc.","GLUU"
"YRC Worldwide Inc.","YRCW"
"IXIA","XXIA"
"Fonar Corp.","FONR"
"Renault SA","RNO.PA"
"Reed Resources Ltd.","RDR.AX"
"OM Group Inc.","OMG"
"Empire Resources Inc.","ERS"
"ImmunoGen, Inc.","IMGN"
"Bellway plc","BWY.L"
"Colony Bankcorp Inc.","CBAN"
"Video Display Corporation","VIDE"
"New Jersey Resources Corp.","NJR"
"Tennant Company","TNC"
"Smith Micro Software Inc.","SMSI"
"Total System Services, Inc.","TSS"
"VimpelCom Ltd.","VIP"
"Highway Holdings Limited","HIHO"
"Houston American Energy Corp.","HUSA"
"Giant Interactive Group, Inc.","GA"
"Gannett Co., Inc.","GCI"
"Fortinet Inc.","FTNT"
"Golden Rim Resources Ltd.","GMR.AX"
"Cardiome Pharma Corp.","CRME"
"Cadiz Inc.","CDZI"
"Netflix, Inc.","NFLX"
"1-800-Flowers.com Inc.","FLWS"
"Dollar Tree, Inc.","DLTR"
"Games Workshop Group PLC","GAW.L"
"Tata Motors, Ltd.","TATAMOTORS.BO"
"Tata Motors, Ltd.","TATAMOTOR.NS"
"Valley National Bancorp","VLY"
"Syntel, Inc.","SYNT"
"Oil-Dri Corp. of America","ODC"
"Fidelity Southern Corporation","LION"
"Urologix, Inc.","ULGX"
"Texas Industries Inc.","TXI"
"Alliance Resources Ltd.","AGS.AX"
"Oppenheimer Holdings Inc.","OPY"
"NovaGold Resources Inc.","NG"
"Harmonic Inc.","HLIT"
"DANONE","BN.PA"
"Columbia Sportswear Company","COLM"
"PLX Technology Inc.","PLXT"
"Daqo New Energy Corp.","DQ"
"STAG Industrial, Inc.","STAG"
"Marine Petroleum Trust","MARPS"
"Genomic Health Inc.","GHDX"
"Discovery Laboratories Inc.","DSCO"
"Yahoo! Inc.","YHOO"
"Yahoo! Inc.","YHOO.MX"
"RTI International Metals, Inc.","RTI"
"Local Corporation","LOCM"
"Insteel Industries Inc.","IIIN"
"Aetrium Inc.","ATRM"
"American States Water Company","AWR"
"Michelin","ML.PA"
"Veolia Environnement S.A.","VE"
"Escalon Medical Corp.","ESMC"
"Lennox International, Inc.","LII"
"ChyronHego Corp.","CHYR"
"Pharmacyclics Inc.","PCYC"
"AVEO Pharmaceuticals, Inc.","AVEO"
"First Resource Bank","FRSB"
"Ampco-Pittsburgh Corp.","AP"
"The Pantry, Inc.","PTRY"
"NewMarket Corporation","NEU"
"H&R Block, Inc.","HRB"
"Zions Bancorporation","ZION"
"Mobile Telesystems OJSC","MBT"
"Pitney Bowes Inc.","PBI"
"PNM Resources, Inc.","PNM"
"KBR, Inc.","KBR"
"Deswell Industries, Inc.","DSWL"
"Robert Half International Inc.","RHI"
"Mecox Lane Limited","MCOX"
"Braskem S.A.","BAK"
"Tesoro Corporation","TSO"
"MIND C.T.I., Ltd.","MNDO"
"MeetMe, Inc.","MEET"
"Peoples Bancorp Inc.","PEBO"
"Hawaiian Holdings Inc.","HA"
"Cincinnati Financial Corp.","CINF"
"Pepsico, Inc.","PEP"
"Pixelworks, Inc.","PXLW"
"Amarin Corporation PLC","AMRN"
"Giyani Gold Corp","WDG.V"
"Peerless Systems Corp.","PRLS"
"Edison International","EIX"
"Universal American Corp","UAM"
"American Financial Group Inc.","AFG"
"IGI, Laboratories, Inc.","IG"
"Greatbatch, Inc.","GB"
"MGP Ingredients Inc.","MGPI"
"CR Bard Inc.","BCR"
"Cimarex Energy Co.","XEC"
"Vaalco Energy Inc.","EGY"
"Tongxin International, Ltd.","TXIC"
"Bitauto Holdings Limited","BITA"
"Document Security Systems, Inc","DSS"
"Ballantyne Strong, Inc","BTN"
"TheStreet, Inc.","TST"
"SuperGroup Plc","SGP.L"
"Lakes Entertainment Inc.","LACO"
"Manning & Napier, Inc.","MN"
"State Auto Financial Corp.","STFC"
"KiOR, Inc.","KIOR"
"JetBlue Airways Corporation","JBLU"
"Vitacost.com, Inc.","VITC"
"On Assignment Inc.","ASGN"
"MiMedx Group, Inc.","MDXG"
"Synthetic Biologics Inc.","SYN"
"Taomee Holdings Ltd.","TAOM"
"RPX Corporation","RPXC"
"Port of Tauranga Ltd.","POT.NZ"
"Prudential PLC","PRU.L"
"Genesis Energy LP","GEL"
"Sturm, Ruger & Co. Inc.","RGR"
"Pearson Plc","PSO"
"Methanex Corp.","MEOH"
"Blount International Inc.","BLT"
"AAON Inc.","AAON"
"NXP Semiconductors NV","NXPI"
"Steel Dynamics Inc.","STLD"
"General Cable Corp.","BGC"
"Avnet, Inc.","AVT"
"Rubicon Technology, Inc.","RBCN"
"Linn Co, LLC","LNCO"
"Taminco Corporation","TAM"
"LaSalle Hotel Properties","LHO"
"Central Garden & Pet Company","CENT"
"S&W Seed Company","SANW"
"Ladbrokes PLC","LAD.L"
"The Fresh Market, Inc.","TFM"
"Wet Seal Inc.","WTSL"
"Mistras Group, Inc.","MG"
"ACCO Brands Corporation","ACCO"
"Republic Bancorp Inc.","RBCAA"
"Enterprise Bancorp Inc.","EBTC"
"Stein Mart Inc.","SMRT"
"Columbia Laboratories Inc.","CBRX"
"Rush Enterprises, Inc.","RUSHB"
"Transcat Inc.","TRNS"
"Sotheby's","BID"
"Cheviot Financial Corp.","CHEV"
"TrueBlue, Inc.","TBI"
"Renren Inc.","RENN"
"Dexia","DXB.BR"
"United American Bank","UABK"
"Crossroads Systems, Inc.","CRDS"
"Mag Silver Corp.","MVG"
"Planar Systems Inc.","PLNR"
"Daimler AG","DAI.DE"
"Kinross Gold Corporation","KGC"
"JB Hunt Transport Services Inc.","JBHT"
"PMFG, Inc.","PMFG"
"Cybits Holding AG","SCO.DE"
"Empire National Bank","EMPK"
"Skinny Nutritional Corp.","SKNYQ"
"KaloBios Pharmaceuticals, Inc.","KBIO"
"Sharps Compliance Corp.","SMED"
"Pennon Group PLC","PNN.L"
"Gleacher & Company, Inc","GLCH"
"Star Bulk Carriers Corp.","SBLK"
"Astrazeneca Plc","AZN"
"Cencosud S.A.","CNCO"
"Biogen Idec Inc.","BIIB"
"Biglari Holdings Inc.","BH"
"PPG Industries Inc.","PPG"
"LeapFrog Enterprises Inc.","LF"
"ABB Ltd.","ABB"
"Auxilium Pharmaceuticals Inc.","AUXL"
"Starz","STRZA"
"Energy Recovery, Inc.","ERII"
"Electro Rent Corporation","ELRC"
"Comverse, Inc.","CNSI"
"Chalice Gold Mines Ltd.","CHN.AX"
"Boingo Wireless, Inc.","WIFI"
"CellTeck Inc.","EOPT"
"First Community Corporation","FCCO"
"Geomet, Inc.","GMET"
"Travis Perkins plc","TPK.L"
"Commerce Group Corp.","CGCO"
"Omnova Solutions Inc.","OMN"
"Mediabistro Inc.","MBIS"
"Cray Inc.","CRAY"
"Amdocs Limited","DOX"
"Osiris Therapeutics, Inc.","OSIR"
"Casey's General Stores, Inc.","CASY"
"AmSurg Corp.","AMSG"
"Lamprell PLC","LAM.L"
"LipoScience, Inc.","LPDX"
"Dominion Diamond Corporation","DDC"
"NIKE, Inc.","NKE"
"ENXNET Inc.","EXNT"
"Brunswick Corporation","BC"
"Sevcon, Inc.","SEV"
"General Finance Corporation","GFN"
"Sohu.com Inc.","SOHU"
"Pacific Drilling S.A.","PACD"
"BioCryst Pharmaceuticals, Inc.","BCRX"
"Mesa Laboratories Inc.","MLAB"
"Newpark Resources Inc.","NR"
"Teradyne Inc.","TER"
"CRH plc","CRH.L"
"NetSol Technologies, Inc.","NTWK"
"First Financial Service Corp.","FFKY"
"First Capital Inc.","FCAP"
"iBio, Inc.","IBIO"
"Exar Corp.","EXAR"
"Autogrill","AGL.MI"
"Cavium, Inc.","CAVM"
"Enzon Pharmaceuticals Inc.","ENZN"
"Pilgrim's Pride Corporation","PPC"
"ORBCOMM, Inc.","ORBC"
"Remy International, Inc.","REMY"
"Edgewater Technology Inc.","EDGW"
"Plexus Corp.","PLXS"
"Premier Foods PLC","PFD.L"
"Carrizo Oil & Gas Inc.","CRZO"
"Capital City Bank Group Inc.","CCBG"
"Mechel OAO","MTL"
"WellPoint Inc.","WLP"
"Martin Marietta Materials Inc.","MLM"
"Lionbridge Technologies Inc.","LIOX"
"Bank of Hawaii Corporation","BOH"
"Aastrom Biosciences, Inc.","ASTM"
"Insight Enterprises Inc.","NSIT"
"Valley Community Bank","VCBC"
"American Woodmark Corp.","AMWD"
"Vantiv, Inc.","VNTV"
"Tyco International Ltd.","TYC"
"USA Truck Inc.","USAK"
"Wynn Macau Ltd.","1128.HK"
"Demandware, Inc.","DWRE"
"Ingredion Incorporated","INGR"
"Independent Bank Corp.","INDB"
"Discovery Communications, Inc.","DISCA"
"The Scotts Miracle-Gro Company","SMG"
"Magyar Bancorp, Inc.","MGYR"
"PetMed Express, Inc.","PETS"
"RenaissanceRe Holdings Ltd.","RNR"
"AMN Healthcare Services Inc.","AHS"
"Dorchester Minerals LP","DMLP"
"Qlik Technologies, Inc.","QLIK"
"Devon Energy Corporation","DVN"
"Linear Technology Corporation","LLTC"
"Barnes & Noble, Inc.","BKS"
"Seattle Genetics Inc.","SGEN"
"Artesian Resources Corp.","ARTNA"
"Douglas Dynamics, Inc.","PLOW"
"Shiloh Industries Inc.","SHLO"
"Broadwind Energy, Inc.","BWEN"
"Hancock Holding Company","HBHC"
"Energy Focus, Inc.","EFOI"
"Vantage Drilling Company","VTG"
"Aviva PLC","AV.L"
"Adobe Systems Inc.","ADBE"
"Burberry Group PLC","BRBY.L"
"DGSE Companies Inc.","DGSE"
"Millennial Media Inc.","MM"
"KBC Group SA/NV","KBC.BR"
"Fuel-Tech, Inc.","FTEK"
"Books-A-Million Inc.","BAMM"
"Advanced Holdings Ltd.","5IA.SI"
"Monarch Casino & Resort Inc.","MCRI"
"First Keystone Corporation","FKYS"
"Servidyne, Inc.","SERV"
"Medical Properties Trust Inc.","MPW"
"Columbus McKinnon Corporation","CMCO"
"Westar Energy, Inc.","WR"
"Ikanos Communications, Inc.","IKAN"
"Vulcan Materials Company","VMC"
"Noah Holdings Limited","NOAH"
"CAI International Inc.","CAP"
"Suncor Energy Inc.","SU"
"CVR Partners, LP","UAN"
"Imation Corp.","IMN"
"Cincinnati Bell Inc.","CBB"
"Farmers & Merchants Bancorp","FMCB"
"New York & Company Inc.","NWY"
"Old Republic International Cor","ORI"
"Medical Action Industries Inc.","MDCI"
"Zogenix, Inc.","ZGNX"
"Titan Pharmaceuticals Inc.","TTNP"
"QLT Inc.","QLTI"
"FutureFuel Corp.","FF"
"SUNCOR ENERGY INC.","SU.TO"
"John B Sanfilippo & Son Inc.","JBSS"
"Centerra Gold Inc.","CG.TO"
"Graco Inc.","GGG"
"Semtech Corporation","SMTC"
"Avago Technologies Limited","AVGO"
"Brown Shoe Co. Inc.","BWS"
"Brookfield Resources Inc.","BFLD"
"Aer Lingus Group plc","AERL.L"
"PURE Bioscience, Inc.","PURE"
"ConAgra Foods, Inc.","CAG"
"Coca-Cola FEMSA S.A.B de C.V.","KOF"
"Hooker Furniture Corp.","HOFT"
"Domtar Corporation","UFS"
"Noranda Aluminum Holding Corp.","NOR"
"Accelerate Diagnostics, Inc.","AXDX"
"Micrel Inc.","MCRL"
"CoStar Group Inc.","CSGP"
"Freescale Semiconductor, Ltd.","FSL"
"Cavco Industries, Inc.","CVCO"
"The Ensign Group, Inc.","ENSG"
"First Bancshares Inc.","FBMS"
"Penn Virginia Corporation","PVA"
"Novo Nordisk A/S","NVO"
"Echo Therapeutics, Inc.","ECTE"
"Crh Plc","CRH"
"U.S. Auto Parts Network, Inc.","PRTS"
"Schlumberger Limited","SLB"
"O2Micro International Ltd.","OIIM"
"Conns Inc.","CONN"
"Wireless Telecom Group Inc.","WTT"
"Deutsche Bank Ag","DB"
"NeuroMetrix Inc.","NURO"
"TriMas Corporation","TRS"
"Deltic Timber Corporation","DEL"
"Merck KGaA","MRK.DE"
"Quaker Chemical Corporation","KWR"
"Towers Watson & Co.","TW"
"Owens & Minor Inc.","OMI"
"Hill-Rom Holdings, Inc.","HRC"
"Bayer CropScience Ltd.","BAYER.BO"
"Barkerville Gold Mines Ltd.","BGM.V"
"Anaconda Mining Inc.","ANX.TO"
"Guaranty Bancorp","GBNK"
"Post Properties Inc.","PPS"
"Deutsche Bank AG","DBK.DE"
"Mesa Royalty Trust","MTR"
"W.W. Grainger, Inc.","GWW"
"Global Payments Inc.","GPN"
"Bancolombia S.A.","CIB"
"Bay Banks of Virginia, Inc.","BAYK"
"Kingstone Companies, Inc.","KINS"
"Ryland Group Inc.","RYL"
"Hastings Entertainment Inc.","HAST"
"The9 Limited","NCTY"
"Proto Labs, Inc.","PRLB"
"PRGX Global, Inc.","PRGX"
"Mizuho Financial Group, Inc.","MFG"
"Metro AG","MEO.DE"
"DR Horton Inc.","DHI"
"Cineworld Group PLC","CINE.L"
"W. P. Carey Inc.","WPC"
"Wright Medical Group Inc.","WMGI"
"Sambandam Spinning Mills Ltd.","SAMBNDSPQ.BO"
"Kearny Financial Corp.","KRNY"
"China Nepstar Chain Drugstore","NPD"
"Calpine Corp.","CPN"
"Unifi Inc.","UFI"
"Orient Paper, Inc.","ONP"
"Heritage Financial Group","HBOS"
"Wolfson Microelectronics plc","WLF.L"
"BlackRock, Inc.","BLK"
"Tangoe, Inc.","TNGO"
"Continental Materials Corp.","CUO"
"Allianz SE","ALV.DE"
"Indiana Business Bancorp","IBBI"
"Astur Gold Corp","AST.V"
"Harvest Natural Resources Inc.","HNR"
"Euroseas, Ltd.","ESEA"
"The Valspar Corporation","VAL"
"Nephros, Inc.","NEPH"
"TECO Energy, Inc.","TE"
"Rose Rock Midstream, L.P.","RRMS"
"Konami Corp.","KNM"
"Radio One Inc.","ROIAK"
"Kelly Services, Inc.","KELYA"
"Alon USA Energy, Inc.","ALJ"
"China Precision Steel, Inc.","CPSL"
"Alstom SA","ALO.PA"
"Alamos Gold Inc.","AGI.TO"
"Alamos Gold Inc.","AGI"
"Exponent Inc.","EXPO"
"Gladstone Land Corporation","LAND"
"CUBIC CORPORATION","CUB"
"Cinemark Holdings Inc.","CNK"
"Galena Biopharma, Inc.","GALE"
"Affiliated Managers Group Inc.","AMG"
"HCI Group, Inc.","HCI"
"Magellan Petroleum Corporation","MPET"
"Hudson City Bancorp, Inc.","HCBK"
"Neogen Corp.","NEOG"
"Trinity Biotech plc","TRIB"
"Clean Harbors, Inc.","CLH"
"Geeknet, Inc.","GKNT"
"Barrett Business Services Inc.","BBSI"
"Compagnie de Saint-Gobain","SGO.PA"
"V.F. Corporation","VFC"
"Rightmove plc","RMV.L"
"Cynosure, Inc.","CYNO"
"Audience, Inc.","ADNC"
"Jacobs Engineering Group Inc.","JEC"
"Baltic Trading Limited","BALT"
"Rigel Pharmaceuticals, Inc.","RIGL"
"Aehr Test Systems","AEHR"
"CAE Inc.","CAE"
"Navios Maritime Partners L.P.","NMM"
"Bona Film Group Limited","BONA"
"Petrobras Argentina SA","PZE"
"WNS (Holdings) Ltd.","WNS"
"People's United Financial Inc.","PBCT"
"Stericycle, Inc.","SRCL"
"EnviroStar, Inc.","EVI"
"Cape PLC","CIU.L"
"Accenture PLC","ACN"
"Petr","PBR-A"
"Cord Blood America Inc.","CBAI"
"General Dynamics Corp.","GD"
"MercadoLibre, Inc.","MELI"
"Reliance Infrastructure Ltd.","RELINFRA.BO"
"Reliance Infrastructure Ltd.","RELINFRA.NS"
"Supernus Pharmaceuticals, Inc.","SUPN"
"ALLETE, Inc.","ALE"
"Insulet Corporation","PODD"
"PS Business Parks Inc.","PSB"
"Compugen Ltd.","CGEN"
"Charter Communications, Inc.","CHTR"
"Dover Saddlery, Inc.","DOVR"
"AGL Resources Inc.","GAS"
"LinkedIn Corporation","LNKD"
"Catamaran Corporation","CTRX"
"Williams Companies, Inc.","WMB"
"Northern Gold Mining Inc.","NGM.V"
"Derma Sciences Inc.","DSCI"
"Ecopetrol SA","EC"
"On Track Innovations Ltd.","OTIV"
"Dick's Sporting Goods Inc.","DKS"
"FS Bancorp, Inc.","FSBW"
"Astec Industries, Inc.","ASTE"
"Idea Cellular Ltd.","IDEA.NS"
"Hyatt Hotels Corporation","H"
"Boise Cascade Company","BCC"
"Actuant Corporation","ATU"
"WPX Energy, Inc.","WPX"
"China Cord Blood Corporation","CO"
"Veolia Environnement SA","VIE.PA"
"Family Dollar Stores Inc.","FDO"
"Milestone Scientific Inc.","MLSS"
"ICF International Inc.","ICFI"
"Equal Energy Ltd.","EQU"
"Equal Energy Ltd.","EQU.TO"
"NTT DOCOMO, Inc.","DCM"
"Greater Sacramento Bancorp","GSCB"
"Kansas City Southern","KSU"
"Incyte Corporation","INCY"
"Electronics for Imaging, Inc.","EFII"
"Emmis Communications Corp.","EMMS"
"Standard Motor Products Inc.","SMP"
"Northrop Grumman Corporation","NOC"
"Hess Corporation","HES"
"AmeriGas Partners LP","APU"
"Albert David Ltd.","ALBERTDA.BO"
"Calamos Asset Management Inc.","CLMS"
"Alcobra Ltd.","ADHD"
"JMP Group Inc.","JMP"
"Wabash National Corp.","WNC"
"CNO Financial Group, Inc.","CNO"
"Pendrell Corporation","PCO"
"Highlands Bancorp, Inc.","HSBK"
"Vical Incorporated","VICL"
"Galliford Try PLC","GFRD.L"
"Ambient Corporation","AMBT"
"Wesdome Gold Mines Ltd.","WDO.TO"
"Marathon Petroleum Corporation","MPC"
"Jabil Circuit Inc.","JBL"
"ACE Limited","ACE"
"Ormat Technologies Inc.","ORA"
"NewBridge Bancorp","NBBC"
"CVD Equipment Corporation","CVV"
"Atlantic Tele-Network, Inc.","ATNI"
"Prima Biomed Ltd.","PBMD"
"DuPont Fabros Technology, Inc.","DFT"
"Anavex Life Sciences Corp.","AVXL"
"LookSmart, Ltd.","LOOK"
"Bombay Rayon Fashions Ltd.","BRFL.NS"
"CH Offshore Ltd.","C13.SI"
"Oramed Pharmaceuticals Inc.","ORMP"
"Oclaro, Inc.","OCLR"
"Teekay Corporation","TK"
"Pacific Continental Corp.","PCBK"
"Heritage Commerce Corp.","HTBK"
"Divi's Laboratories Ltd.","DIVISLAB.BO"
"Divi's Laboratories Ltd.","DIVISLAB.NS"
"Northern Tier Energy LP","NTI"
"United Rentals, Inc.","URI"
"BorgWarner Inc.","BWA"
"Neogenomics Inc.","NEO"
"Clean Energy Fuels Corp.","CLNE"
"Avatar Ventures Corp.","ATAR"
"Royal Caribbean Cruises Ltd.","RCL"
"Royal Caribbean Cruises Ltd.","RCL.MX"
"Cogent Holdings Ltd.","KJ9.SI"
"Pioneer Energy Services Corp.","PES"
"China XD Plastics Company Ltd.","CXDC"
"ARYx Therapeutics, Inc.","ARYX"
"CBS Corporation","CBS"
"UMB Financial Corporation","UMBF"
"White Mountains Insurance Grou","WTM"
"Piedmont Natural Gas Co. Inc.","PNY"
"Vitamin Shoppe, Inc.","VSI"
"De La Rue plc","DLAR.L"
"Psychic Friends Network Inc.","PFNI"
"Unilife Corporation","UNIS"
"Carolina Bank Holdings Inc.","CLBH"
"Group 1 Automotive Inc.","GPI"
"RadiSys Corporation","RSYS"
"Pizza Inn Holdings, Inc.","PZZI"
"NCAL Bancorp","NCAL"
"AGCO Corporation","AGCO"
"Schawk Inc.","SGK"
"Logic Devices Incorporated","LOGC"
"Paccar Inc.","PCAR"
"China Lodging Group, Limited","HTHT"
"PRUDENTIAL PLC","PUK"
"Blue Valley Ban Corp.","BVBC"
"Banner Corporation","BANR"
"Panera Bread Company","PNRA"
"Rovi Corporation","ROVI"
"Ohio Valley Banc Corp.","OVBC"
"SB Financial Group, Inc.","SBFG"
"Applied Energetics, Inc.","AERG"
"Saba Software, Inc.","SABA"
"Sands China Ltd.","1928.HK"
"Ariad Pharmaceuticals Inc.","ARIA"
"General Mills, Inc.","GIS"
"StemCells Inc.","STEM"
"Fenner PLC","FENR.L"
"Rosetta Genomics, Ltd.","ROSG"
"WashingtonFirst Bankshares Inc.","WFBI"
"Bayer AG","BAYN.DE"
"NVR, Inc.","NVR"
"Tesco Corporation","TESO"
"NII Holdings Inc.","NIHD"
"Dynegy Inc.","DYN"
"DST Systems Inc.","DST"
"Body One SA","MLONE.PA"
"Dynacor Gold Mines Inc.","DNG.TO"
"Mesabi Trust","MSB"
"EchoStar Corp.","SATS"
"Bouygues","EN.PA"
"NeoPhotonics Corporation","NPTN"
"Cleveland BioLabs, Inc.","CBLI"
"Transition Therapeutics Inc.","TTH.TO"
"Transition Therapeutics Inc.","TTHI"
"Community National Bank","CBNY"
"Alkermes plc","ALKS"
"American Science & Engineering","ASEI"
"Howard Bancorp Inc.","HBMD"
"Harford Bank","HFBK"
"Apco Oil & Gas International I","APAGF"
"Rentech, Inc.","RTK"
"Synta Pharmaceuticals Corp.","SNTA"
"Comerica Incorporated","CMA"
"Antares Pharma Inc.","ATRS"
"QuickLogic Corporation","QUIK"
"Ocean Power Technologies, Inc.","OPTT"
"Daily Journal Corp.","DJCO"
"First Bancorp","FBP"
"First Bancorp","FBNC"
"Trans World Entertainment Corp","TWMC"
"CSG Systems International Inc.","CSGS"
"Mattersight Corporation","MATR"
"StealthGas, Inc.","GASS"
"Coast Distribution System Inc.","CRV"
"Intersections Inc.","INTX"
"CHANNELADVISOR CORPORATION","ECOM"
"PokerTek, Inc.","PTEK"
"Hawkins Inc.","HWKN"
"Novavax, Inc.","NVAX"
"Neostem, Inc.","NBS"
"Oritani Financial Corp.","ORIT"
"Laporte Bancorp, Inc.","LPSB"
"Dresser-Rand Group Inc.","DRC"
"Silgan Holdings Inc.","SLGN"
"Rubicon Minerals Corporation","RBY"
"Schweitzer-Mauduit Internation","SWM"
"Comstock Mining, Inc.","LODE"
"Tesla Motors, Inc.","TSLA"
"ESB Financial Corp.","ESBF"
"Align Technology Inc.","ALGN"
"Peoples Financial Corporation","PFBX"
"LoJack Corporation","LOJN"
"Athersys, Inc.","ATHX"
"Qihoo 360 Technology Co. Ltd.","QIHU"
"Radian Group Inc.","RDN"
"Limoneira Company","LMNR"
"American Capital Agency Corp.","AGNC"
"Petrobras","PETR4.SA"
"Carver Bancorp, Inc.","CARV"
"Monotype Imaging Holdings Inc.","TYPE"
"Communications Systems Inc.","JCS"
"National Western Life Insuranc","NWLI"
"QCR Holdings Inc.","QCRH"
"ThermoGenesis Corp.","KOOL"
"Scores Holding Co. Inc.","SCRH"
"Formula Systems (1985) Ltd.","FORTY"
"Alamo Group, Inc.","ALG"
"Essex Rental Corp.","ESSX"
"JinkoSolar Holding Co., Ltd.","JKS"
"Greene King plc","GNK.L"
"Sequenom Inc.","SQNM"
"The Nasdaq OMX Group, Inc.","NDAQ"
"Guangshen Railway Co. Ltd.","GSH"
"Delcath Systems, Inc.","DCTH"
"Balchem Corp.","BCPC"
"Famous Dave's of America Inc.","DAVE"
"Collectors Universe Inc.","CLCT"
"Bazaarvoice, Inc.","BV"
"Idenix Pharmaceuticals Inc.","IDIX"
"HCC Insurance Holdings Inc.","HCC"
"Facebook, Inc.","FB"
"WisdomTree Investments, Inc.","WETF"
"New Mountain Finance Corporati","NMFC"
"Clearwater Paper Corporation","CLW"
"NovaBay Pharmaceuticals, Inc.","NBY"
"Bank of Santa Clarita","BSCA"
"Tullow Oil plc","TLW.L"
"Orgenesis Inc.","ORGS"
"WellCare Health Plans, Inc.","WCG"
"Federal Signal Corp.","FSS"
"Entertainment Gaming Asia Inc.","EGT"
"Aberdeen International Inc.","AAB.TO"
"Jarden Corp.","JAH"
"ATP Oil & Gas Corp.","ATPAQ"
"Capital Bank Financial Corp.","CBF"
"Evolution Petroleum Corp.","EPM"
"Westlake Chemical Corp.","WLK"
"Dover Motorsports Inc.","DVD"
"Psychiatric Solutions, Inc.","PSYS"
"NeuStar, Inc.","NSR"
"Infinera Corporation","INFN"
"Prudential Financial, Inc.","PRU"
"Towerstream Corporation","TWER"
"BankFinancial Corp.","BFIN"
"Post Holdings, Inc.","POST"
"Microchip Technology Inc.","MCHP"
"Aruba Networks, Inc.","ARUN"
"Investors Title Co.","ITIC"
"Potlatch Corporation","PCH"
"North American Energy Partners","NOA"
"Layne Christensen Company","LAYN"
"Amazon.com Inc.","AMZN"
"QNB Corp.","QNBC"
"Thor Industries Inc.","THO"
"Health Care REIT, Inc.","HCN"
"Uni-Pixel Inc.","UNXL"
"Palmetto Bancshares Inc.","PLMT"
"VSE Corp.","VSEC"
"Siuslaw Financial Group, Inc.","SFGP"
"Sutter Gold Mining Inc.","SGM.V"
"Keller Group PLC","KLR.L"
"Safe Bulkers, Inc.","SB"
"Warren Resources Inc.","WRES"
"Jewett-Cameron Trading Company","JCTCF"
"Heartland Express, Inc.","HTLD"
"Newcrest Mining Ltd.","NCM.AX"
"Morningstar Inc.","MORN"
"Carrefour","CA.PA"
"Total SA","TOT"
"Total SA","FP.PA"
"Total SA","TTA.L"
"Nuance Communications, Inc.","NUAN"
"Walker & Dunlop, Inc.","WD"
"African Barrick Gold plc","ABG.L"
"Sanchez Energy Corporation","SN"
"N-Viro International Corp.","NVIC"
"Argo Group International Holdi","AGII"
"First National Bank Alaska","FBAK"
"UIL Holdings Corporation","UIL"
"Stone Energy Corp.","SGY"
"Tower Limited","TWR.NZ"
"Red 5 Ltd.","RED.AX"
"Tesoro Logistics LP","TLLP"
"Scientific Learning Corp.","SCIL"
"Alliant Energy Corporation","LNT"
"American Independence Corp.","AMIC"
"Westmoreland Coal Co.","WLB"
"FMC Corp.","FMC"
"QAD Inc.","QADA"
"Supreme Industries Inc.","STS"
"Aceto Corp.","ACET"
"The Advisory Board Company","ABCO"
"RPM International Inc.","RPM"
"Exelixis, Inc.","EXEL"
"Lennar Corp.","LEN"
"Marathon Oil Corporation","MRO"
"Boston Properties Inc.","BXP"
"RH Petrogas Ltd.","T13.SI"
"RigNet, Inc.","RNET"
"Celanese Corporation","CE"
"Panhandle Oil and Gas Inc.","PHX"
"Silicon Laboratories Inc.","SLAB"
"Mattson Technology Inc.","MTSN"
"Active Power Inc.","ACPW"
"Albina Community Bancorp","ACBC"
"HMG/Courtland Properties Inc.","HMG"
"Capgemini","CAP.PA"
"TAL International Group, Inc.","TAL"
"Myrexis, Inc.","MYRX"
"Niska Gas Storage Partners LLC","NKA"
"SIG plc","SHI.L"
"Aviva Plc","AV"
"Consolidated Tomoka Land Co.","CTO"
"FirstMerit Corporation","FMER"
"McKesson Corporation","MCK"
"The Blackstone Group L.P.","BX"
"Tetra Tech Inc.","TTEK"
"Union Bankshares, Inc.","UNB"
"iRobot Corporation","IRBT"
"Kandi Technolgies Group, Inc.","KNDI"
"Poly Shield Technologies Inc.","SHPR"
"Brandywine Realty Trust","BDN"
"EnerNOC, Inc.","ENOC"
"Globus Maritime Limited","GLBS"
"Crown Crafts, Inc.","CRWS"
"Neuralstem, Inc.","CUR"
"The Manitowoc Company, Inc.","MTW"
"Signet Jewelers Limited","SIG"
"Cedar Realty Trust, Inc.","CDR"
"Tembec Inc.","TMB.TO"
"CyberOptics Corp.","CYBE"
"ClickSoftware Technologies Ltd.","CKSW"
"Lyons Bancorp, Inc.","LYBC"
"PetSmart, Inc.","PETM"
"WEIS MARKETS, INC.","WMK"
"Philippine Long Distance Telep","PHI"
"Capital Product Partners L.P.","CPLP"
"Shengkai Innovations, Inc.","VALV"
"Genuine Parts Company","GPC"
"Cyan, Inc.","CYNI"
"Torotrak PLC","TRK.L"
"Central Securities Corp.","CET"
"Affymax, Inc.","AFFY"
"Teradata Corporation","TDC"
"MicroStrategy Inc.","MSTR"
"LATAM Airlines Group S.A.","LFL"
"Sun Life Financial Inc.","SLF.TO"
"Sun Life Financial Inc.","SLF"
"Analog Devices, Inc.","ADI"
"Vanda Pharmaceuticals, Inc.","VNDA"
"The Wendy's Company","WEN"
"Essilor International SA","EI.PA"
"CSR plc","CSR.L"
"Hengxin Technology Ltd.","I85.SI"
"Royal Dutch Shell plc","RDS-B"
"Royal Dutch Shell plc","RDSA.L"
"Royal Dutch Shell plc","RDSB.L"
"Citrix Systems, Inc.","CTXS"
"Amerisafe, Inc.","AMSF"
"Questar Corporation","STR"
"lululemon athletica inc.","LULU"
"Oxford Resource Partners, L.P.","OXF"
"Wayne Savings Bancshares Inc.","WAYN"
"JAKKS Pacific, Inc.","JAKK"
"NTPC Ltd.","NTPC.NS"
"NTPC Ltd.","NTPC.BO"
"TrustCo Bank Corp. NY","TRST"
"Alto Palermo S.A.","APSA"
"Anworth Mortgage Asset Corpora","ANH"
"FXCM Inc.","FXCM"
"Cross Timbers Royalty Trust","CRT"
"First Republic Bank","FRC"
"Magna International Inc.","MGAN.MX"
"Magna International Inc.","MGA"
"BT Group plc","BT-A.L"
"Videocon Industries Ltd.","VIDEOIND.NS"
"Videocon Industries Ltd.","VIDEOCON.BO"
"TransAtlantic Petroleum Ltd.","TAT"
"FedFirst Financial Corp.","FFCO"
"Pepco Holdings, Inc.","POM"
"Bel Fuse Inc.","BELFB"
"Snap-on Incorporated","SNA"
"FBL Financial Group Inc.","FFG"
"T. Rowe Price Group, Inc.","TROW"
"Bank of McKenney","BOMK"
"CaesarStone Sdot-Yam Ltd.","CSTE"
"Aqua America Inc.","WTR"
"BancFirst Corporation","BANF"
"TRW Automotive Holdings Corp.","TRW"
"Digital Ally Inc.","DGLY"
"BGC Partners, Inc.","BGCP"
"Monolithic Power Systems Inc.","MPWR"
"Crescent Point Energy Corp.","CPG"
"Textron Inc.","TXT"
"Beale PLC","BAE.L"
"Libbey Inc.","LBY"
"Ladenburg Thalmann Financial S","LTS"
"Glen Burnie Bancorp","GLBZ"
"Healthsouth Corp.","HLS"
"Trex Co. Inc.","TREX"
"Pernod Ricard NV","RI.PA"
"Fluor Corporation","FLR"
"Constant Contact, Inc.","CTCT"
"Solera Holdings Inc.","SLH"
"Triangle Capital Corporation","TCAP"
"Tenet Healthcare Corp.","THC"
"NIC Inc.","EGOV"
"ASB Bancorp, Inc.","ASBB"
"The Goldman Sachs Group, Inc.","GS"
"MAXIMUS, Inc.","MMS"
"Con-way Inc.","CNW"
"MGIC Investment Corp.","MTG"
"Bemis Company, Inc.","BMS"
"Asanko Gold Inc.","AKG"
"Telecity Group plc","TCY.L"
"BASF SE","BAS.DE"
"Carriage Services Inc.","CSV"
"Northrim Bancorp Inc.","NRIM"
"Intermolecular, Inc.","IMI"
"MAN SE","MAN.DE"
"MAN SE","MAN3.DE"
"Yadkin Financial Corporation","YDKN"
"Tower Semiconductor Ltd.","TSEM"
"Magnum Hunter Resources Corp.","MHR"
"Allegheny Technologies Inc.","ATI"
"Pressure BioSciences, Inc.","PBIO"
"NetEase, Inc.","NTES"
"Unitil Corp.","UTL"
"Cms Energy Corp.","CMS"
"Hawaiian Telcom Holdco, Inc.","HCOM"
"Acuity Brands, Inc.","AYI"
"Agnico Eagle Mines Limited","AEM"
"Express Inc.","EXPR"
"Google Inc.","GOOG"
"Weyco Group Inc.","WEYS"
"DryShips, Inc.","DRYS"
"Ethan Allen Interiors Inc.","ETH"
"SK Telecom Co. Ltd.","SKM"
"Pacific Mercantile Bancorp","PMBC"
"Houston Wire & Cable Company","HWCC"
"Denbury Resources Inc.","DNR"
"Aegerion Pharmaceuticals, Inc.","AEGR"
"LARSEN & TOUBRO LTD.","LNT.BO"
"Franklin Resources Inc.","BEN"
"Danaos Corporation","DAC"
"Marks & Spencer Group plc","MKS.L"
"Farmer Brothers Co.","FARM"
"PPL Corporation","PPL"
"World Surveillance Group Inc.","WSGI"
"Eagle Bancorp, Inc.","EGBN"
"United Parcel Service, Inc.","UPS"
"Avista Corp.","AVA"
"Xylem Inc.","XYL"
"Vishay Precision Group, Inc.","VPG"
"49 North Resources Inc.","FNR.V"
"Parkway Properties Inc.","PKY"
"Fossil Group, Inc.","FOSL"
"Pembina Pipeline Corporation","PBA"
"Radware Ltd.","RDWR"
"Lakeland Bancorp Inc.","LBAI"
"CCFNB Bancorp Inc.","CCFN"
"Consolidated Water Co. Ltd.","CWCO"
"Hudson Valley Holding Corp.","HVB"
"DIRECTV","DTV"
"China HGS Real Estate Inc.","HGSH"
"Tumi Holdings, Inc.","TUMI"
"LNB Bancorp Inc.","LNBB"
"DexCom, Inc.","DXCM"
"Clearsign Combustion Corp.","CLIR"
"Bridgepoint Education, Inc.","BPI"
"Rocky Mountain Chocolate Facto","RMCF"
"AO Smith Corp.","AOS"
"Cranswick PLC","CWK.L"
"Chemed Corp.","CHE"
"Griffin Land & Nurseries Inc.","GRIF"
"Madison County Financial, Inc.","MCBK"
"Chindex International Inc.","CHDX"
"BEO Bancorp","BEOB"
"Dillard's Inc.","DDS"
"Hospitality Properties Trust","HPT"
"BOK Financial Corporation","BOKF"
"Jingwei International Limited","JNGW"
"Renasant Corp.","RNST"
"Flushing Financial Corp.","FFIC"
"AXT Inc.","AXTI"
"MGT Capital Investments, Inc.","MGT"
"Geron Corporation","GERN"
"Pegasystems Inc.","PEGA"
"Tanger Factory Outlet Centers","SKT"
"RDA Microelectronics, Inc.","RDA"
"Suffolk Bancorp","SUBK"
"Repligen Corporation","RGEN"
"Support.com, Inc.","SPRT"
"NACCO Industries Inc.","NC"
"Citizens Inc.","CIA"
"TOR Minerals International Inc.","TORM"
"Horizon Pharma, Inc.","HZNP"
"Luna Innovations Incorporated","LUNA"
"First Citizens Bancshares Inc.","FCNCA"
"New Media Insight Group, Inc.","NMED"
"Hanmi Financial Corporation","HAFC"
"Dana Holding Corporation","DAN"
"Vermilion Energy Inc.","VET"
"Amara Raja Batteries Ltd.","AMARAJABA.NS"
"Deutsche Telekom AG","DTE.DE"
"First Merchants Corporation","FRME"
"Hansen Medical, Inc.","HNSN"
"GSI Group Inc.","GSIG"
"Intervest Bancshares Corp.","IBCA"
"Sonus Networks, Inc.","SONS"
"First Acceptance Corp.","FAC"
"Sensient Technologies Corporat","SXT"
"RealNetworks Inc.","RNWK"
"Central Federal Corp.","CFBK"
"Dril-Quip, Inc.","DRQ"
"Bancorp Of New Jersey, Inc.","BKJ"
"DTE Energy Company","DTE"
"WD-40 Company","WDFC"
"Craft Brew Alliance, Inc.","BREW"
"ESS DEE Aluminium Ltd.","ESSDEE.NS"
"Fieldpoint Petroleum Corp.","FPP"
"Chart Industries Inc.","GTLS"
"Overstock.com Inc.","OSTK"
"Berkshire Bancorp Inc.","BERK"
"Vicor Corp.","VICR"
"Plumas Bancorp","PLBC"
"Diamond Foods, Inc.","DMND"
"ERG SpA","ERG.MI"
"The Marcus Corporation","MCS"
"Medivation, Inc.","MDVN"
"Nanosphere, Inc.","NSPH"
"ADTRAN Inc.","ADTN"
"Shutterstock, Inc.","SSTK"
"Lakeland Industries Inc.","LAKE"
"PCTEL, Inc.","PCTI"
"SanDisk Corp.","SNDK"
"ON Semiconductor Corp.","ONNN"
"Sarepta Therapeutics, Inc.","SRPT"
"Domino's Pizza Group plc","DOM.L"
"Summer Infant, Inc.","SUMR"
"Iamgold Corp.","IAG"
"STR Holdings, Inc.","STRI"
"Barnes Group Inc.","B"
"Valley Commerce Bancorp","VCBP"
"Sally Beauty Holdings Inc.","SBH"
"TeleTech Holdings Inc.","TTEC"
"Oil States International Inc.","OIS"
"American Vanguard Corp.","AVD"
"Oil India Ltd.","OIL.BO"
"ConnectOne Bancorp, Inc.","CNOB"
"Helen of Troy Limited","HELE"
"Gentex Corp.","GNTX"
"Baidu, Inc.","BIDU"
"Mid-Con Energy Partners, LP","MCEP"
"Data I/O Corp.","DAIO"
"Bolt Technology Corp.","BOLT"
"Dejour Energy Inc.","DEJ"
"Whirlpool Corp.","WHR"
"InvenSense, Inc.","INVN"
"Apollo Commercial Real Estate","ARI"
"Cardiovascular Systems Inc.","CSII"
"Honda Motor Co., Ltd.","HMC"
"1st Source Corporation","SRCE"
"Black Box Corporation","BBOX"
"Core Laboratories NV","CLB"
"Partner Communications Company","PTNR"
"Camden National Corp.","CAC"
"Tanami Gold NL","TAM.AX"
"Insmed Incorporated","INSM"
"TransDigm Group Incorporated","TDG"
"Box Ships Inc.","TEU"
"Lydall Inc.","LDL"
"UTi Worldwide Inc.","UTIW"
"Paragon AG","PGN.DE"
"Acorda Therapeutics, Inc.","ACOR"
"Ventas, Inc.","VTR"
"TFS Financial Corp","TFSL"
"Zumiez, Inc.","ZUMZ"
"Halma plc","HLMA.L"
"Magnetek Inc.","MAG"
"Novatel Wireless Inc.","nvtl"
"Ultrapetrol (Bahamas) Ltd.","ULTR"
"Radiant Logistics, Inc.","RLGT"
"Kerry Group plc","KYGA.L"
"FactSet Research Systems Inc.","FDS"
"AmREIT, Inc.","AMRE"
"Evercore Partners Inc.","EVR"
"Nokia Corporation","NOK"
"Vallourec SA","VK.PA"
"Ennis Inc.","EBF"
"Knight Transportation Inc.","KNX"
"Washington Trust Bancorp Inc.","WASH"
"West Bancorp., Inc.","WTBA"
"SunLink Health Systems Inc.","SSY"
"3D Systems Corp.","DDD"
"Informa plc","INF.L"
"Albemarle Corporation","ALB"
"Asta Funding Inc.","ASFI"
"Republic Airways Holdings Inc.","RJET"
"Franklin Financial Corporation","FRNK"
"LogMeIn, Inc.","LOGM"
"Koss Corporation","KOSS"
"Equifax Inc.","EFX"
"Dorman Products, Inc.","DORM"
"O'Reilly Automotive Inc.","ORLY"
"OGE Energy Corp.","OGE"
"Masco Corporation","MAS"
"Ameren Corporation","aee"
"National Penn Bancshares Inc.","NPBC"
"Stereotaxis Inc.","STXS"
"MKS Instruments, Inc.","MKSI"
"Brookline Bancorp, Inc.","BRKL"
"American River Bankshares","AMRB"
"CSX Corp.","CSX"
"Shangri-La Asia Ltd.","S07.SI"
"Timmins Gold Corp.","TGD"
"Liberty Media Corporation","LMCA"
"Aggreko plc","AGK.L"
"Fabrinet","FN"
"Forrester Research Inc.","FORR"
"Crown Media Holdings Inc.","CRWN"
"Lizhan Environmental Corp.","LZENF"
"S&T Bancorp Inc.","STBA"
"Deckers Outdoor Corp.","DECK"
"Cerner Corporation","CERN"
"Wausau Paper Corp.","WPP"
"CryoLife Inc.","CRY"
"Five Star Quality Care Inc.","FVE"
"RELM Wireless Corp.","RWC"
"Universal Corporation","UVV"
"Culp, Inc.","CFI"
"Capital Pacific Bancorp","CPBO"
"Pulaski Financial Corporation","PULB"
"Fulton Financial Corporation","FULT"
"Noble Energy, Inc.","NBL"
"United Bancorp Inc.","UBCP"
"Coca-Cola Enterprises Inc.","CCE"
"Dot Hill Systems Corp.","HILL"
"Clear Channel Outdoor Holdings","CCO"
"Reliance Industries Ltd.","RIL.BO"
"Orchids Paper Products Company","TIS"
"Sport Chalet Inc.","SPCHB"
"Alkyl Amines Chemicals Ltd.","ALKYLAM.BO"
"Baylake Corp.","BYLK"
"GAMCO Investors, Inc.","GBL"
"Steelcase Inc.","SCS"
"Plug Power Inc.","PLUG"
"Gold Canyon Resources Inc.","GCU.V"
"Mattel, Inc.","MAT"
"Greenhill & Co., Inc.","GHL"
"Himax Technologies, Inc.","HIMX"
"Standard Life plc","SL.L"
"Ametek Inc.","AME"
"Quidel Corp.","QDEL"
"Cellceutix Corporation","CTIX"
"Giga-tronics Inc.","GIGA"
"DNB Financial Corp.","DNBF"
"Wal-Mart Stores Inc.","WMT"
"Inter Parfums Inc.","IPAR"
"Macatawa Bank Corp.","MCBC"
"Community Trust Bancorp Inc.","CTBI"
"Volcano Corporation","VOLC"
"Time Warner Cable Inc.","TWC"
"Quicksilver Resources Inc.","KWK"
"Exact Sciences Corporation","EXAS"
"Dover Corporation","DOV"
"BankUnited, Inc.","BKU"
"ENDURANCE SPECIALTY HOLDINGS L","ENH"
"BB&T Corporation","BBT"
"Cyberonics Inc.","CYBX"
"TE Connectivity Ltd.","TEL"
"Codorus Valley Bancorp Inc.","CVLY"
"Teekay Offshore Partners LP","TOO"
"Corporate Executive Board Co.","CEB"
"Vardhman Industries Ltd.","VARDHINDQ.BO"
"ReneSola Ltd.","SOL"
"Paragon Shipping Inc.","PRGN"
"Annie's, Inc.","BNNY"
"Oregon Bancorp, Inc.","ORBN"
"Grupo Financiero Galicia S.A.","GGAL"
"Sabine Royalty Trust","SBR"
"EV Energy Partners LP","EVEP"
"Cooper Tire & Rubber Co.","CTB"
"Green Innovations Ltd.","GNIN"
"SandRidge Energy, Inc.","SD"
"Tallgrass Energy Partners, LP","TEP"
"NVIDIA Corporation","NVDA"
"Aspen Insurance Holdings Ltd.","AHL"
"Mitek Systems, Inc.","MITK"
"Lam Research Corporation","LRCX"
"JTH Holding, Inc.","TAX"
"MTS Systems Corporation","MTSC"
"Moog Inc.","MOG-A"
"China Electric Motor, Inc.","CELM"
"Duke Energy Corporation","DUK"
"BCB Bancorp Inc.","BCBP"
"Tata Steel Ltd.","TATASTEEL.NS"
"BioTime, Inc.","BTX"
"Doral Financial Corporation","DRL"
"Associated British Foods plc","ABF.L"
"Dalradian Resources Inc.","DNA.TO"
"AspenBio Pharma, Inc.","APPY"
"ARMOUR Residential REIT, Inc.","ARR"
"HERBALIFE LTD.","HLF"
"Patterson-UTI Energy Inc.","PTEN"
"Supertel Hospitality, Inc.","SPPR"
"Pacific Health Care Organizati","PFHO"
"Minco Gold Corporation","MGH"
