1 Microsoft Way Redmond,WA
1201 Super Commerce Blvd Ste H Richmond,VA
100 Sunset Blvd Room Sacramento,CA
1 Infinite Loop Perry,GA
410 Terry Ave Beaumont,TX
2145 Hamilton Wildwood,NJ
"1845 South 4th St Perry","GA"
"1401 E. Juana Marshall","MI"
"427 Yale Avenue Chicago","IL"
"2834 North Naomi St Cambridge","MN"
"31977 Hilltop Boulevard Cumberland","ME"
"2830 F St Bainbridge","NY"
"5303 Betsy Ross Drive Brooksville","FL"
"655 University Avenue Milford","OH"
"14000 Jamboree Road Palmer","AK"
"4570 Eucalyptus Avenue Dubuque","IA"
"311 California St Wrentham","MA"
"3652 Viaduct Lujosa Greenville","SC"
"330 Pythian Road Farmington","CT"
"15700 Winchester Boulevard Indianapolis","IN"
"4500 Woodman Ave. Suite A Altoona","PA"
"248 Rickenbacker Circle Claremore","OK"
"8911 Research Drive Fayetteville","NC"
"4270 North Blackstone Avenue Tucson","AZ"
"27700 Medical Center Road Scarborough","ME"
"13701 Riverside Drive Pittsburgh","PA"